Workbook

Sheet Sheet1
A1: Transect # | B1: Segment | C1: Family | D1: Genus | E1: Epithet | F1: Species | G1: Species common | H1: Raw name | I1: StartLattitude | J1: StartLongitude | K1: EndLattitude | L1: EndLongitude | M1: BurnDate | N1: CollectedDate | O1: Time Category | P1: Category symbol | Q1: Burn Unit | R1: Days Since Burn | S1: Notes | T1: Cleaning notes
A2: 1 | B2: 1 | C2: =_xlfn.XLOOKUP(Table1[[#This Row],[Genus]],'Flora of PA'!J:J,'Flora of PA'!D:D) -> Ericaceae | D2: Gaylussacia | E2: baccata | F2: =Table1[[#This Row],[Genus]]&" "&Table1[[#This Row],[Epithet]] -> Gaylussacia baccata | G2: black huckleberry | H2: Huck | I2: 41.43963 | J2: -75.54115 | K2: 41.44045 | L2: -75.54094 | M2: 10/20/2015 | N2: 6/12/2026 | O2: 10+ | P2: D | Q2: Preserve 10+
A3: 1 | B3: 1 | C3: =_xlfn.XLOOKUP(Table1[[#This Row],[Genus]],'Flora of PA'!J:J,'Flora of PA'!D:D) -> Poaceae | D3: Schizachyrium | E3: scoparium | F3: =Table1[[#This Row],[Genus]]&" "&Table1[[#This Row],[Epithet]] -> Schizachyrium scoparium | G3: little bluestem | H3: Little bluestem | I3: 41.43963 | J3: -75.54115 | K3: 41.44045 | L3: -75.54094 | M3: 10/20/2015 | N3: 6/13/2026 | O3: 10+ | P3: D | Q3: Preserve 10+
A4: 1 | B4: 1 | C4: =_xlfn.XLOOKUP(Table1[[#This Row],[Genus]],'Flora of PA'!J:J,'Flora of PA'!D:D) -> Betulaceae | D4: Betula | E4: populifolia | F4: =Table1[[#This Row],[Genus]]&" "&Table1[[#This Row],[Epithet]] -> Betula populifolia | G4: gray birch | H4: Gray birch | I4: 41.43963 | J4: -75.54115 | K4: 41.44045 | L4: -75.54094 | M4: 10/20/2015 | N4: 6/13/2026 | O4: 10+ | P4: D | Q4: Preserve 10+
A5: 1 | B5: 1 | C5: =_xlfn.XLOOKUP(Table1[[#This Row],[Genus]],'Flora of PA'!J:J,'Flora of PA'!D:D) -> Asteraceae | D5: Solidago | E5: rugosa | F5: =Table1[[#This Row],[Genus]]&" "&Table1[[#This Row],[Epithet]] -> Solidago rugosa | G5: wrinkleleaf goldenrod | H5: Solidago rigosa | I5: 41.43963 | J5: -75.54115 | K5: 41.44045 | L5: -75.54094 | M5: 10/20/2015 | N5: 6/13/2026 | O5: 10+ | P5: D | Q5: Preserve 10+
A6: 1 | B6: 1 | C6: =_xlfn.XLOOKUP(Table1[[#This Row],[Genus]],'Flora of PA'!J:J,'Flora of PA'!D:D) -> Asteraceae | D6: Euthamia | E6: graminifolia | F6: =Table1[[#This Row],[Genus]]&" "&Table1[[#This Row],[Epithet]] -> Euthamia graminifolia | G6: grass leaved goldentop | H6: Grass leaves goldenrod | I6: 41.43963 | J6: -75.54115 | K6: 41.44045 | L6: -75.54094 | M6: 10/20/2015 | N6: 6/13/2026 | O6: 10+ | P6: D | Q6: Preserve 10+
A7: 1 | B7: 1 | C7: =_xlfn.XLOOKUP(Table1[[#This Row],[Genus]],'Flora of PA'!J:J,'Flora of PA'!D:D) -> Salicaceae | D7: Populus | E7: tremuloides | F7: =Table1[[#This Row],[Genus]]&" "&Table1[[#This Row],[Epithet]] -> Populus tremuloides | G7: quaking aspen | H7: Quaking aspen | I7: 41.43963 | J7: -75.54115 | K7: 41.44045 | L7: -75.54094 | M7: 10/20/2015 | N7: 6/13/2026 | O7: 10+ | P7: D | Q7: Preserve 10+
A8: 1 | B8: 1 | C8: =_xlfn.XLOOKUP(Table1[[#This Row],[Genus]],'Flora of PA'!J:J,'Flora of PA'!D:D) -> Rosaceae | D8: Rubus | E8: hispidus | F8: =Table1[[#This Row],[Genus]]&" "&Table1[[#This Row],[Epithet]] -> Rubus hispidus | G8: bristly dewberry | H8: Dewberry | I8: 41.43963 | J8: -75.54115 | K8: 41.44045 | L8: -75.54094 | M8: 10/20/2015 | N8: 6/13/2026 | O8: 10+ | P8: D | Q8: Preserve 10+
A9: 1 | B9: 1 | C9: =_xlfn.XLOOKUP(Table1[[#This Row],[Genus]],'Flora of PA'!J:J,'Flora of PA'!D:D) -> Poaceae | D9: Danthonia | E9: spicata | F9: =Table1[[#This Row],[Genus]]&" "&Table1[[#This Row],[Epithet]] -> Danthonia spicata | G9: poverty oatgrass | H9: Poverty oatgrass? | I9: 41.43963 | J9: -75.54115 | K9: 41.44045 | L9: -75.54094 | M9: 10/20/2015 | N9: 6/13/2026 | O9: 10+ | P9: D | Q9: Preserve 10+
A10: 1 | B10: 1 | C10: =_xlfn.XLOOKUP(Table1[[#This Row],[Genus]],'Flora of PA'!J:J,'Flora of PA'!D:D) -> Pinaceae | D10: Pinus | E10: rigida | F10: =Table1[[#This Row],[Genus]]&" "&Table1[[#This Row],[Epithet]] -> Pinus rigida | G10: pitch pine | H10: Pitch pine | I10: 41.43963 | J10: -75.54115 | K10: 41.44045 | L10: -75.54094 | M10: 10/20/2015 | N10: 6/13/2026 | O10: 10+ | P10: D | Q10: Preserve 10+
A11: 1 | B11: 2 | C11: =_xlfn.XLOOKUP(Table1[[#This Row],[Genus]],'Flora of PA'!J:J,'Flora of PA'!D:D) -> Rosaceae | D11: Rubus | E11: hispidus | F11: =Table1[[#This Row],[Genus]]&" "&Table1[[#This Row],[Epithet]] -> Rubus hispidus | G11: bristly dewberry | H11: Dewberry | I11: 41.43963 | J11: -75.54115 | K11: 41.44045 | L11: -75.54094 | M11: 10/20/2015 | N11: 6/13/2026 | O11: 10+ | P11: D | Q11: Preserve 10+
A12: 1 | B12: 2 | C12: =_xlfn.XLOOKUP(Table1[[#This Row],[Genus]],'Flora of PA'!J:J,'Flora of PA'!D:D) -> Polypodiaceae | D12: Pteridium | E12: aquilinum | F12: =Table1[[#This Row],[Genus]]&" "&Table1[[#This Row],[Epithet]] -> Pteridium aquilinum | G12: bracken fern | H12: Bracken fern | I12: 41.43963 | J12: -75.54115 | K12: 41.44045 | L12: -75.54094 | M12: 10/20/2015 | N12: 6/13/2026 | O12: 10+ | P12: D | Q12: Preserve 10+
A13: 1 | B13: 2 | C13: =_xlfn.XLOOKUP(Table1[[#This Row],[Genus]],'Flora of PA'!J:J,'Flora of PA'!D:D) -> Cyperaceae | D13: Carex | E13: blanda | F13: =Table1[[#This Row],[Genus]]&" "&Table1[[#This Row],[Epithet]] -> Carex blanda | G13: eastern woodland sedge | H13: The not limestone meadow sedge | I13: 41.43963 | J13: -75.54115 | K13: 41.44045 | L13: -75.54094 | M13: 10/20/2015 | N13: 6/13/2026 | O13: 10+ | P13: D | Q13: Preserve 10+ | S13: add species name
A14: 1 | B14: 2 | C14: =_xlfn.XLOOKUP(Table1[[#This Row],[Genus]],'Flora of PA'!J:J,'Flora of PA'!D:D) -> Poaceae | D14: Andropogon | E14: gerardi | F14: =Table1[[#This Row],[Genus]]&" "&Table1[[#This Row],[Epithet]] -> Andropogon gerardi | G14: big bluestem | H14: Big bluestem | I14: 41.43963 | J14: -75.54115 | K14: 41.44045 | L14: -75.54094 | M14: 10/20/2015 | N14: 6/13/2026 | O14: 10+ | P14: D | Q14: Preserve 10+
A15: 1 | B15: 2 | C15: =_xlfn.XLOOKUP(Table1[[#This Row],[Genus]],'Flora of PA'!J:J,'Flora of PA'!D:D) -> Asteraceae | D15: Hieracium | E15: scabrum | F15: =Table1[[#This Row],[Genus]]&" "&Table1[[#This Row],[Epithet]] -> Hieracium scabrum | G15: hawkeed | H15: Hairy hawkweed | I15: 41.43963 | J15: -75.54115 | K15: 41.44045 | L15: -75.54094 | M15: 10/20/2015 | N15: 6/13/2026 | O15: 10+ | P15: D | Q15: Preserve 10+ | S15: actually rough hawkweed
A16: 1 | B16: 2 | C16: =_xlfn.XLOOKUP(Table1[[#This Row],[Genus]],'Flora of PA'!J:J,'Flora of PA'!D:D) -> Poaceae | D16: Danthonia | E16: spicata | F16: =Table1[[#This Row],[Genus]]&" "&Table1[[#This Row],[Epithet]] -> Danthonia spicata | G16: poverty oatgrass | H16: Poverty oatgrass | I16: 41.43963 | J16: -75.54115 | K16: 41.44045 | L16: -75.54094 | M16: 10/20/2015 | N16: 6/13/2026 | O16: 10+ | P16: D | Q16: Preserve 10+
A17: 1 | B17: 2 | C17: =_xlfn.XLOOKUP(Table1[[#This Row],[Genus]],'Flora of PA'!J:J,'Flora of PA'!D:D) -> Asteraceae | D17: Solidago | E17: rugosa | F17: =Table1[[#This Row],[Genus]]&" "&Table1[[#This Row],[Epithet]] -> Solidago rugosa | G17: wrinkleleaf goldenrod | H17: S rugosa | I17: 41.43963 | J17: -75.54115 | K17: 41.44045 | L17: -75.54094 | M17: 10/20/2015 | N17: 6/13/2026 | O17: 10+ | P17: D | Q17: Preserve 10+
A18: 1 | B18: 2 | C18: =_xlfn.XLOOKUP(Table1[[#This Row],[Genus]],'Flora of PA'!J:J,'Flora of PA'!D:D) -> Asteraceae | D18: Leucanthemum | E18: vulgare | F18: =Table1[[#This Row],[Genus]]&" "&Table1[[#This Row],[Epithet]] -> Leucanthemum vulgare | G18: oxeye daisy | H18: Oxeye daisy | I18: 41.43963 | J18: -75.54115 | K18: 41.44045 | L18: -75.54094 | M18: 10/20/2015 | N18: 6/13/2026 | O18: 10+ | P18: D | Q18: Preserve 10+
A19: 1 | B19: 2 | C19: =_xlfn.XLOOKUP(Table1[[#This Row],[Genus]],'Flora of PA'!J:J,'Flora of PA'!D:D) -> Ericaceae | D19: Gaylussacia | E19: baccata | F19: =Table1[[#This Row],[Genus]]&" "&Table1[[#This Row],[Epithet]] -> Gaylussacia baccata | G19: black huckleberry | H19: Huckleberry | I19: 41.43963 | J19: -75.54115 | K19: 41.44045 | L19: -75.54094 | M19: 10/20/2015 | N19: 6/13/2026 | O19: 10+ | P19: D | Q19: Preserve 10+
A20: 1 | B20: 2 | C20: =_xlfn.XLOOKUP(Table1[[#This Row],[Genus]],'Flora of PA'!J:J,'Flora of PA'!D:D) -> Salicaceae | D20: Populus | E20: tremuloides | F20: =Table1[[#This Row],[Genus]]&" "&Table1[[#This Row],[Epithet]] -> Populus tremuloides | G20: quaking aspen | H20: Quaking aspen | I20: 41.43963 | J20: -75.54115 | K20: 41.44045 | L20: -75.54094 | M20: 10/20/2015 | N20: 6/13/2026 | O20: 10+ | P20: D | Q20: Preserve 10+
A21: 1 | B21: 3 | C21: =_xlfn.XLOOKUP(Table1[[#This Row],[Genus]],'Flora of PA'!J:J,'Flora of PA'!D:D) -> Rosaceae | D21: Rubus | E21: hispidus | F21: =Table1[[#This Row],[Genus]]&" "&Table1[[#This Row],[Epithet]] -> Rubus hispidus | G21: bristly dewberry | H21: Dewberry | I21: 41.43963 | J21: -75.54115 | K21: 41.44045 | L21: -75.54094 | M21: 10/20/2015 | N21: 6/13/2026 | O21: 10+ | P21: D | Q21: Preserve 10+
A22: 1 | B22: 3 | C22: =_xlfn.XLOOKUP(Table1[[#This Row],[Genus]],'Flora of PA'!J:J,'Flora of PA'!D:D) -> Ericaceae | D22: Vaccinium | E22: angustifolium | F22: =Table1[[#This Row],[Genus]]&" "&Table1[[#This Row],[Epithet]] -> Vaccinium angustifolium | G22: lowbush blueberry | H22: Blueberry | I22: 41.43963 | J22: -75.54115 | K22: 41.44045 | L22: -75.54094 | M22: 10/20/2015 | N22: 6/13/2026 | O22: 10+ | P22: D | Q22: Preserve 10+
A23: 1 | B23: 3 | C23: =_xlfn.XLOOKUP(Table1[[#This Row],[Genus]],'Flora of PA'!J:J,'Flora of PA'!D:D) -> Polypodiaceae | D23: Pteridium | E23: aquilinum | F23: =Table1[[#This Row],[Genus]]&" "&Table1[[#This Row],[Epithet]] -> Pteridium aquilinum | G23: bracken fern | H23: Bracken fern | I23: 41.43963 | J23: -75.54115 | K23: 41.44045 | L23: -75.54094 | M23: 10/20/2015 | N23: 6/13/2026 | O23: 10+ | P23: D | Q23: Preserve 10+
A24: 1 | B24: 3 | C24: =_xlfn.XLOOKUP(Table1[[#This Row],[Genus]],'Flora of PA'!J:J,'Flora of PA'!D:D) -> Asteraceae | D24: Solidago | E24: rugosa | F24: =Table1[[#This Row],[Genus]]&" "&Table1[[#This Row],[Epithet]] -> Solidago rugosa | G24: wrinkleleaf goldenrod | H24: S rugosa | I24: 41.43963 | J24: -75.54115 | K24: 41.44045 | L24: -75.54094 | M24: 10/20/2015 | N24: 6/13/2026 | O24: 10+ | P24: D | Q24: Preserve 10+
A25: 1 | B25: 3 | C25: =_xlfn.XLOOKUP(Table1[[#This Row],[Genus]],'Flora of PA'!J:J,'Flora of PA'!D:D) -> Fagaceae | D25: Quercus | E25: ilicifolia | F25: =Table1[[#This Row],[Genus]]&" "&Table1[[#This Row],[Epithet]] -> Quercus ilicifolia | G25: scrub oak | H25: Scrub oak | I25: 41.43963 | J25: -75.54115 | K25: 41.44045 | L25: -75.54094 | M25: 10/20/2015 | N25: 6/13/2026 | O25: 10+ | P25: D | Q25: Preserve 10+
A26: 1 | B26: 3 | C26: =_xlfn.XLOOKUP(Table1[[#This Row],[Genus]],'Flora of PA'!J:J,'Flora of PA'!D:D) -> Ericaceae | D26: Gaylussacia | E26: baccata | F26: =Table1[[#This Row],[Genus]]&" "&Table1[[#This Row],[Epithet]] -> Gaylussacia baccata | G26: black huckleberry | H26: Huckleberry | I26: 41.43963 | J26: -75.54115 | K26: 41.44045 | L26: -75.54094 | M26: 10/20/2015 | N26: 6/13/2026 | O26: 10+ | P26: D | Q26: Preserve 10+
A27: 1 | B27: 3 | C27: =_xlfn.XLOOKUP(Table1[[#This Row],[Genus]],'Flora of PA'!J:J,'Flora of PA'!D:D) -> Cyperaceae | D27: Carex | E27: blanda | F27: =Table1[[#This Row],[Genus]]&" "&Table1[[#This Row],[Epithet]] -> Carex blanda | G27: eastern woodland sedge | H27: Not limestone meadow | I27: 41.43963 | J27: -75.54115 | K27: 41.44045 | L27: -75.54094 | M27: 10/20/2015 | N27: 6/13/2026 | O27: 10+ | P27: D | Q27: Preserve 10+ | S27: add species name
A28: 1 | B28: 3 | C28: =_xlfn.XLOOKUP(Table1[[#This Row],[Genus]],'Flora of PA'!J:J,'Flora of PA'!D:D) -> Asteraceae | D28: Hieracium | E28: scabrum | F28: =Table1[[#This Row],[Genus]]&" "&Table1[[#This Row],[Epithet]] -> Hieracium scabrum | G28: rough hawkweed | H28: Rough hawkweed | I28: 41.43963 | J28: -75.54115 | K28: 41.44045 | L28: -75.54094 | M28: 10/20/2015 | N28: 6/13/2026 | O28: 10+ | P28: D | Q28: Preserve 10+
A29: 1 | B29: 3 | C29: =_xlfn.XLOOKUP(Table1[[#This Row],[Genus]],'Flora of PA'!J:J,'Flora of PA'!D:D) -> Salicaceae | D29: Populus | E29: tremuloides | F29: =Table1[[#This Row],[Genus]]&" "&Table1[[#This Row],[Epithet]] -> Populus tremuloides | G29: quaking aspen | H29: Quaking aspen | I29: 41.43963 | J29: -75.54115 | K29: 41.44045 | L29: -75.54094 | M29: 10/20/2015 | N29: 6/13/2026 | O29: 10+ | P29: D | Q29: Preserve 10+
A30: 1 | B30: 3 | C30: =_xlfn.XLOOKUP(Table1[[#This Row],[Genus]],'Flora of PA'!J:J,'Flora of PA'!D:D) -> Asteraceae | D30: Leucanthemum | E30: vulgare | F30: =Table1[[#This Row],[Genus]]&" "&Table1[[#This Row],[Epithet]] -> Leucanthemum vulgare | G30: oxeye daisy | H30: Oxeye daisy | I30: 41.43963 | J30: -75.54115 | K30: 41.44045 | L30: -75.54094 | M30: 10/20/2015 | N30: 6/13/2026 | O30: 10+ | P30: D | Q30: Preserve 10+
A31: 1 | B31: 4 | C31: =_xlfn.XLOOKUP(Table1[[#This Row],[Genus]],'Flora of PA'!J:J,'Flora of PA'!D:D) -> Cyperaceae | D31: Carex | E31: intumescens | F31: =Table1[[#This Row],[Genus]]&" "&Table1[[#This Row],[Epithet]] -> Carex intumescens | G31: bladder sedge | H31: Bladder sedge | I31: 41.43963 | J31: -75.54115 | K31: 41.44045 | L31: -75.54094 | M31: 10/20/2015 | N31: 6/13/2026 | O31: 10+ | P31: D | Q31: Preserve 10+
A32: 1 | B32: 4 | C32: =_xlfn.XLOOKUP(Table1[[#This Row],[Genus]],'Flora of PA'!J:J,'Flora of PA'!D:D) -> Rosaceae | D32: Rubus | E32: hispidus | F32: =Table1[[#This Row],[Genus]]&" "&Table1[[#This Row],[Epithet]] -> Rubus hispidus | G32: bristly dewberry | H32: Dewberry | I32: 41.43963 | J32: -75.54115 | K32: 41.44045 | L32: -75.54094 | M32: 10/20/2015 | N32: 6/13/2026 | O32: 10+ | P32: D | Q32: Preserve 10+
A33: 1 | B33: 4 | C33: =_xlfn.XLOOKUP(Table1[[#This Row],[Genus]],'Flora of PA'!J:J,'Flora of PA'!D:D) -> Ericaceae | D33: Gaylussacia | E33: baccata | F33: =Table1[[#This Row],[Genus]]&" "&Table1[[#This Row],[Epithet]] -> Gaylussacia baccata | G33: black huckleberry | H33: Huckleberry | I33: 41.43963 | J33: -75.54115 | K33: 41.44045 | L33: -75.54094 | M33: 10/20/2015 | N33: 6/13/2026 | O33: 10+ | P33: D | Q33: Preserve 10+
A34: 1 | B34: 4 | C34: =_xlfn.XLOOKUP(Table1[[#This Row],[Genus]],'Flora of PA'!J:J,'Flora of PA'!D:D) -> Poaceae | D34: Andropogon | E34: gerardi | F34: =Table1[[#This Row],[Genus]]&" "&Table1[[#This Row],[Epithet]] -> Andropogon gerardi | G34: big bluestem | H34: Tall bluestem | I34: 41.43963 | J34: -75.54115 | K34: 41.44045 | L34: -75.54094 | M34: 10/20/2015 | N34: 6/13/2026 | O34: 10+ | P34: D | Q34: Preserve 10+
A35: 1 | B35: 4 | C35: =_xlfn.XLOOKUP(Table1[[#This Row],[Genus]],'Flora of PA'!J:J,'Flora of PA'!D:D) -> Sapindaceae | D35: Acer | E35: rubrum | F35: =Table1[[#This Row],[Genus]]&" "&Table1[[#This Row],[Epithet]] -> Acer rubrum | G35: red maple | H35: Red maple | I35: 41.43963 | J35: -75.54115 | K35: 41.44045 | L35: -75.54094 | M35: 10/20/2015 | N35: 6/13/2026 | O35: 10+ | P35: D | Q35: Preserve 10+
A36: 1 | B36: 4 | C36: =_xlfn.XLOOKUP(Table1[[#This Row],[Genus]],'Flora of PA'!J:J,'Flora of PA'!D:D) -> Asteraceae | D36: Hieracium | E36: scabrum | F36: =Table1[[#This Row],[Genus]]&" "&Table1[[#This Row],[Epithet]] -> Hieracium scabrum | G36: rough hawkweed | H36: Rough hawkweed | I36: 41.43963 | J36: -75.54115 | K36: 41.44045 | L36: -75.54094 | M36: 10/20/2015 | N36: 6/13/2026 | O36: 10+ | P36: D | Q36: Preserve 10+
A37: 1 | B37: 4 | C37: =_xlfn.XLOOKUP(Table1[[#This Row],[Genus]],'Flora of PA'!J:J,'Flora of PA'!D:D) -> Poaceae | D37: Schizachyrium | E37: scoparium | F37: =Table1[[#This Row],[Genus]]&" "&Table1[[#This Row],[Epithet]] -> Schizachyrium scoparium | G37: little bluestem | H37: little bluestem | I37: 41.43963 | J37: -75.54115 | K37: 41.44045 | L37: -75.54094 | M37: 10/20/2015 | N37: 6/13/2026 | O37: 10+ | P37: D | Q37: Preserve 10+
A38: 1 | B38: 4 | C38: =_xlfn.XLOOKUP(Table1[[#This Row],[Genus]],'Flora of PA'!J:J,'Flora of PA'!D:D) -> Ericaceae | D38: Kalmia | E38: angustifolia | F38: =Table1[[#This Row],[Genus]]&" "&Table1[[#This Row],[Epithet]] -> Kalmia angustifolia | G38: sheep laurel | H38: Sheep laurel | I38: 41.43963 | J38: -75.54115 | K38: 41.44045 | L38: -75.54094 | M38: 10/20/2015 | N38: 6/13/2026 | O38: 10+ | P38: D | Q38: Preserve 10+
A39: 1 | B39: 4 | C39: =_xlfn.XLOOKUP(Table1[[#This Row],[Genus]],'Flora of PA'!J:J,'Flora of PA'!D:D) -> Pinaceae | D39: Pinus | E39: rigida | F39: =Table1[[#This Row],[Genus]]&" "&Table1[[#This Row],[Epithet]] -> Pinus rigida | G39: pitch pine | H39: Pitch pine | I39: 41.43963 | J39: -75.54115 | K39: 41.44045 | L39: -75.54094 | M39: 10/20/2015 | N39: 6/13/2026 | O39: 10+ | P39: D | Q39: Preserve 10+
... A106: 1 | B106: 10 | C106: =_xlfn.XLOOKUP(Table1[[#This Row],[Genus]],'Flora of PA'!J:J,'Flora of PA'!D:D) -> Fagaceae | D106: Quercus | E106: ilicifolia | F106: =Table1[[#This Row],[Genus]]&" "&Table1[[#This Row],[Epithet]] -> Quercus ilicifolia | G106: scrub oak | H106: Scrub oak | I106: 41.43963 | J106: -75.54115 | K106: 41.44045 | L106: -75.54094 | M106: 10/20/2015 | N106: 6/13/2026 | O106: 10+ | P106: D | Q106: Preserve 10+
A107: 2 | B107: 1 | C107: =_xlfn.XLOOKUP(Table1[[#This Row],[Genus]],'Flora of PA'!J:J,'Flora of PA'!D:D) -> Ericaceae | D107: Kalmia | E107: latifolia | F107: =Table1[[#This Row],[Genus]]&" "&Table1[[#This Row],[Epithet]] -> Kalmia latifolia | G107: mountain laurel | H107: Mt laurel | I107: 41.44097 | J107: -75.54362 | K107: NA | L107: NA | M107: 10/20/2015 | N107: 6/13/2026 | O107: 10+ | P107: D | Q107: Preserve 10+
A108: 2 | B108: 1 | C108: =_xlfn.XLOOKUP(Table1[[#This Row],[Genus]],'Flora of PA'!J:J,'Flora of PA'!D:D) -> Ericaceae | D108: Gaylussacia | E108: baccata | F108: =Table1[[#This Row],[Genus]]&" "&Table1[[#This Row],[Epithet]] -> Gaylussacia baccata | G108: black huckleberry | H108: Huck berry | I108: 41.44097 | J108: -75.54362 | K108: NA | L108: NA | M108: 10/20/2015 | N108: 6/13/2026 | O108: 10+ | P108: D | Q108: Preserve 10+
A109: 2 | B109: 1 | C109: =_xlfn.XLOOKUP(Table1[[#This Row],[Genus]],'Flora of PA'!J:J,'Flora of PA'!D:D) -> Polypodiaceae | D109: Pteridium | E109: aquilinum | F109: =Table1[[#This Row],[Genus]]&" "&Table1[[#This Row],[Epithet]] -> Pteridium aquilinum | G109: bracken fern | H109: Bracken fern | I109: 41.44097 | J109: -75.54362 | K109: NA | L109: NA | M109: 10/20/2015 | N109: 6/13/2026 | O109: 10+ | P109: D | Q109: Preserve 10+
A110: 2 | B110: 1 | C110: =_xlfn.XLOOKUP(Table1[[#This Row],[Genus]],'Flora of PA'!J:J,'Flora of PA'!D:D) -> Fagaceae | D110: Quercus | E110: ilicifolia | F110: =Table1[[#This Row],[Genus]]&" "&Table1[[#This Row],[Epithet]] -> Quercus ilicifolia | G110: scrub oak | H110: Scrub oak | I110: 41.44097 | J110: -75.54362 | K110: NA | L110: NA | M110: 10/20/2015 | N110: 6/13/2026 | O110: 10+ | P110: D | Q110: Preserve 10+
A111: 2 | B111: 1 | C111: =_xlfn.XLOOKUP(Table1[[#This Row],[Genus]],'Flora of PA'!J:J,'Flora of PA'!D:D) -> Ericaceae | D111: Kalmia | E111: angustifolia | F111: =Table1[[#This Row],[Genus]]&" "&Table1[[#This Row],[Epithet]] -> Kalmia angustifolia | G111: sheep laurel | H111: Sheep laurel | I111: 41.44097 | J111: -75.54362 | K111: NA | L111: NA | M111: 10/20/2015 | N111: 6/13/2026 | O111: 10+ | P111: D | Q111: Preserve 10+
A112: 2 | B112: 1 | C112: =_xlfn.XLOOKUP(Table1[[#This Row],[Genus]],'Flora of PA'!J:J,'Flora of PA'!D:D) -> Ericaceae | D112: Gaultheria | E112: procumbens | F112: =Table1[[#This Row],[Genus]]&" "&Table1[[#This Row],[Epithet]] -> Gaultheria procumbens | G112: teaberry | H112: Teaberry | I112: 41.44097 | J112: -75.54362 | K112: NA | L112: NA | M112: 10/20/2015 | N112: 6/13/2026 | O112: 10+ | P112: D | Q112: Preserve 10+
A113: 2 | B113: 1 | C113: =_xlfn.XLOOKUP(Table1[[#This Row],[Genus]],'Flora of PA'!J:J,'Flora of PA'!D:D) -> Salicaceae | D113: Populus | E113: tremuloides | F113: =Table1[[#This Row],[Genus]]&" "&Table1[[#This Row],[Epithet]] -> Populus tremuloides | G113: quaking aspen | H113: Quaking aspen | I113: 41.44097 | J113: -75.54362 | K113: NA | L113: NA | M113: 10/20/2015 | N113: 6/13/2026 | O113: 10+ | P113: D | Q113: Preserve 10+
A114: 2 | B114: 2 | C114: =_xlfn.XLOOKUP(Table1[[#This Row],[Genus]],'Flora of PA'!J:J,'Flora of PA'!D:D) -> Ericaceae | D114: Kalmia | E114: angustifolia | F114: =Table1[[#This Row],[Genus]]&" "&Table1[[#This Row],[Epithet]] -> Kalmia angustifolia | G114: sheep laurel | H114: Sheep laurel | I114: 41.44097 | J114: -75.54362 | K114: NA | L114: NA | M114: 10/20/2015 | N114: 6/13/2026 | O114: 10+ | P114: D | Q114: Preserve 10+
A115: 2 | B115: 2 | C115: =_xlfn.XLOOKUP(Table1[[#This Row],[Genus]],'Flora of PA'!J:J,'Flora of PA'!D:D) -> Ericaceae | D115: Gaylussacia | E115: baccata | F115: =Table1[[#This Row],[Genus]]&" "&Table1[[#This Row],[Epithet]] -> Gaylussacia baccata | G115: black huckleberry | H115: Huck | I115: 41.44097 | J115: -75.54362 | K115: NA | L115: NA | M115: 10/20/2015 | N115: 6/13/2026 | O115: 10+ | P115: D | Q115: Preserve 10+
A116: 2 | B116: 2 | C116: =_xlfn.XLOOKUP(Table1[[#This Row],[Genus]],'Flora of PA'!J:J,'Flora of PA'!D:D) -> Ericaceae | D116: Gaultheria | E116: procumbens | F116: =Table1[[#This Row],[Genus]]&" "&Table1[[#This Row],[Epithet]] -> Gaultheria procumbens | G116: teaberry | H116: Teaberry | I116: 41.44097 | J116: -75.54362 | K116: NA | L116: NA | M116: 10/20/2015 | N116: 6/13/2026 | O116: 10+ | P116: D | Q116: Preserve 10+
A117: 2 | B117: 2 | C117: =_xlfn.XLOOKUP(Table1[[#This Row],[Genus]],'Flora of PA'!J:J,'Flora of PA'!D:D) -> Fagaceae | D117: Quercus | E117: ilicifolia | F117: =Table1[[#This Row],[Genus]]&" "&Table1[[#This Row],[Epithet]] -> Quercus ilicifolia | G117: scrub oak | H117: Scrub oak | I117: 41.44097 | J117: -75.54362 | K117: NA | L117: NA | M117: 10/20/2015 | N117: 6/13/2026 | O117: 10+ | P117: D | Q117: Preserve 10+
A118: 2 | B118: 2 | C118: =_xlfn.XLOOKUP(Table1[[#This Row],[Genus]],'Flora of PA'!J:J,'Flora of PA'!D:D) -> Ericaceae | D118: Kalmia | E118: latifolia | F118: =Table1[[#This Row],[Genus]]&" "&Table1[[#This Row],[Epithet]] -> Kalmia latifolia | G118: mountain laurel | H118: Mt laurel | I118: 41.44097 | J118: -75.54362 | K118: NA | L118: NA | M118: 10/20/2015 | N118: 6/13/2026 | O118: 10+ | P118: D | Q118: Preserve 10+
... A153: 2 | B153: 7 | C153: =_xlfn.XLOOKUP(Table1[[#This Row],[Genus]],'Flora of PA'!J:J,'Flora of PA'!D:D) -> Fagaceae | D153: Quercus | E153: montana | F153: =Table1[[#This Row],[Genus]]&" "&Table1[[#This Row],[Epithet]] -> Quercus montana | G153: chestnut oak | H153: Chestnut oak | I153: 41.44097 | J153: -75.54362 | K153: NA | L153: NA | M153: 10/20/2015 | N153: 6/13/2026 | O153: 10+ | P153: D | Q153: Preserve 10+
A154: 2 | B154: 7 | C154: Rosaceae | D154: Aronia | E154: melanocarpa | F154: =Table1[[#This Row],[Genus]]&" "&Table1[[#This Row],[Epithet]] -> Aronia melanocarpa | G154: black chokeberry | H154: Aronia | I154: 41.44097 | J154: -75.54362 | K154: NA | L154: NA | M154: 10/20/2015 | N154: 6/13/2026 | O154: 10+ | P154: D | Q154: Preserve 10+
A155: 2 | B155: 8 | C155: =_xlfn.XLOOKUP(Table1[[#This Row],[Genus]],'Flora of PA'!J:J,'Flora of PA'!D:D) -> Ericaceae | D155: Gaylussacia | E155: baccata | F155: =Table1[[#This Row],[Genus]]&" "&Table1[[#This Row],[Epithet]] -> Gaylussacia baccata | G155: black huckleberry | H155: Huck | I155: 41.44097 | J155: -75.54362 | K155: NA | L155: NA | M155: 10/20/2015 | N155: 6/13/2026 | O155: 10+ | P155: D | Q155: Preserve 10+
A156: 2 | B156: 8 | C156: =_xlfn.XLOOKUP(Table1[[#This Row],[Genus]],'Flora of PA'!J:J,'Flora of PA'!D:D) -> Ericaceae | D156: Gaultheria | E156: procumbens | F156: =Table1[[#This Row],[Genus]]&" "&Table1[[#This Row],[Epithet]] -> Gaultheria procumbens | G156: teaberry | H156: Teaberry | I156: 41.44097 | J156: -75.54362 | K156: NA | L156: NA | M156: 10/20/2015 | N156: 6/13/2026 | O156: 10+ | P156: D | Q156: Preserve 10+
A157: 2 | B157: 8 | C157: =_xlfn.XLOOKUP(Table1[[#This Row],[Genus]],'Flora of PA'!J:J,'Flora of PA'!D:D) -> Polypodiaceae | D157: Pteridium | E157: aquilinum | F157: =Table1[[#This Row],[Genus]]&" "&Table1[[#This Row],[Epithet]] -> Pteridium aquilinum | G157: bracken fern | H157: Bracken | I157: 41.44097 | J157: -75.54362 | K157: NA | L157: NA | M157: 10/20/2015 | N157: 6/13/2026 | O157: 10+ | P157: D | Q157: Preserve 10+
A158: 2 | B158: 8 | C158: =_xlfn.XLOOKUP(Table1[[#This Row],[Genus]],'Flora of PA'!J:J,'Flora of PA'!D:D) -> Fagaceae | D158: Quercus | E158: ilicifolia | F158: =Table1[[#This Row],[Genus]]&" "&Table1[[#This Row],[Epithet]] -> Quercus ilicifolia | G158: scrub oak | H158: Scrub oak | I158: 41.44097 | J158: -75.54362 | K158: NA | L158: NA | M158: 10/20/2015 | N158: 6/13/2026 | O158: 10+ | P158: D | Q158: Preserve 10+
A159: 2 | B159: 8 | C159: =_xlfn.XLOOKUP(Table1[[#This Row],[Genus]],'Flora of PA'!J:J,'Flora of PA'!D:D) -> Ericaceae | D159: Kalmia | E159: angustifolia | F159: =Table1[[#This Row],[Genus]]&" "&Table1[[#This Row],[Epithet]] -> Kalmia angustifolia | G159: sheep laurel | H159: Sheep laurel | I159: 41.44097 | J159: -75.54362 | K159: NA | L159: NA | M159: 10/20/2015 | N159: 6/13/2026 | O159: 10+ | P159: D | Q159: Preserve 10+
A160: 2 | B160: 9 | C160: =_xlfn.XLOOKUP(Table1[[#This Row],[Genus]],'Flora of PA'!J:J,'Flora of PA'!D:D) -> Polypodiaceae | D160: Pteridium | E160: aquilinum | F160: =Table1[[#This Row],[Genus]]&" "&Table1[[#This Row],[Epithet]] -> Pteridium aquilinum | G160: bracken fern | H160: Bracken | I160: 41.44097 | J160: -75.54362 | K160: NA | L160: NA | M160: 10/20/2015 | N160: 6/13/2026 | O160: 10+ | P160: D | Q160: Preserve 10+
A161: 2 | B161: 9 | C161: =_xlfn.XLOOKUP(Table1[[#This Row],[Genus]],'Flora of PA'!J:J,'Flora of PA'!D:D) -> Fagaceae | D161: Quercus | E161: ilicifolia | F161: =Table1[[#This Row],[Genus]]&" "&Table1[[#This Row],[Epithet]] -> Quercus ilicifolia | G161: scrub oak | H161: Scrub oak | I161: 41.44097 | J161: -75.54362 | K161: NA | L161: NA | M161: 10/20/2015 | N161: 6/13/2026 | O161: 10+ | P161: D | Q161: Preserve 10+
A162: 2 | B162: 9 | C162: =_xlfn.XLOOKUP(Table1[[#This Row],[Genus]],'Flora of PA'!J:J,'Flora of PA'!D:D) -> Ericaceae | D162: Gaultheria | E162: procumbens | F162: =Table1[[#This Row],[Genus]]&" "&Table1[[#This Row],[Epithet]] -> Gaultheria procumbens | G162: teaberry | H162: Teaberry | I162: 41.44097 | J162: -75.54362 | K162: NA | L162: NA | M162: 10/20/2015 | N162: 6/13/2026 | O162: 10+ | P162: D | Q162: Preserve 10+
A163: 2 | B163: 9 | C163: =_xlfn.XLOOKUP(Table1[[#This Row],[Genus]],'Flora of PA'!J:J,'Flora of PA'!D:D) -> Ericaceae | D163: Gaylussacia | E163: baccata | F163: =Table1[[#This Row],[Genus]]&" "&Table1[[#This Row],[Epithet]] -> Gaylussacia baccata | G163: black huckleberry | H163: Huck | I163: 41.44097 | J163: -75.54362 | K163: NA | L163: NA | M163: 10/20/2015 | N163: 6/13/2026 | O163: 10+ | P163: D | Q163: Preserve 10+
A164: 2 | B164: 9 | C164: =_xlfn.XLOOKUP(Table1[[#This Row],[Genus]],'Flora of PA'!J:J,'Flora of PA'!D:D) -> Fagaceae | D164: Quercus | E164: montana | F164: =Table1[[#This Row],[Genus]]&" "&Table1[[#This Row],[Epithet]] -> Quercus montana | G164: chestnut oak | H164: Chestnut oak | I164: 41.44097 | J164: -75.54362 | K164: NA | L164: NA | M164: 10/20/2015 | N164: 6/13/2026 | O164: 10+ | P164: D | Q164: Preserve 10+
A165: 2 | B165: 10 | C165: =_xlfn.XLOOKUP(Table1[[#This Row],[Genus]],'Flora of PA'!J:J,'Flora of PA'!D:D) -> Ericaceae | D165: Gaultheria | E165: procumbens | F165: =Table1[[#This Row],[Genus]]&" "&Table1[[#This Row],[Epithet]] -> Gaultheria procumbens | G165: teaberry | H165: Teaberry | I165: 41.44097 | J165: -75.54362 | K165: NA | L165: NA | M165: 10/20/2015 | N165: 6/13/2026 | O165: 10+ | P165: D | Q165: Preserve 10+
A166: 2 | B166: 10 | C166: =_xlfn.XLOOKUP(Table1[[#This Row],[Genus]],'Flora of PA'!J:J,'Flora of PA'!D:D) -> Ericaceae | D166: Gaylussacia | E166: baccata | F166: =Table1[[#This Row],[Genus]]&" "&Table1[[#This Row],[Epithet]] -> Gaylussacia baccata | G166: black huckleberry | H166: Huck | I166: 41.44097 | J166: -75.54362 | K166: NA | L166: NA | M166: 10/20/2015 | N166: 6/13/2026 | O166: 10+ | P166: D | Q166: Preserve 10+
... A277: 4 | B277: 8 | C277: =_xlfn.XLOOKUP(Table1[[#This Row],[Genus]],'Flora of PA'!J:J,'Flora of PA'!D:D) -> Fagaceae | D277: Quercus | E277: ilicifolia | F277: =Table1[[#This Row],[Genus]]&" "&Table1[[#This Row],[Epithet]] -> Quercus ilicifolia | G277: scrub oak | H277: Scrub oak | I277: 41.44393 | J277: -75.54698 | K277: NA | L277: NA | M277: 10/20/2015 | N277: 6/13/2026 | O277: 10+ | P277: D | Q277: Preserve 10+
A278: 4 | B278: 8 | C278: Polytrichaceae | D278: Polytrichum | E278: commune | F278: =Table1[[#This Row],[Genus]]&" "&Table1[[#This Row],[Epithet]] -> Polytrichum commune | G278: common haircap moss | H278: Shining club boss | I278: 41.44393 | J278: -75.54698 | K278: NA | L278: NA | M278: 10/20/2015 | N278: 6/13/2026 | O278: 10+ | P278: D | Q278: Preserve 10+ | S278: more likely actually common haircap moss, miss ID
A279: 4 | B279: 9 | C279: =_xlfn.XLOOKUP(Table1[[#This Row],[Genus]],'Flora of PA'!J:J,'Flora of PA'!D:D) -> Ericaceae | D279: Gaylussacia | E279: baccata | F279: =Table1[[#This Row],[Genus]]&" "&Table1[[#This Row],[Epithet]] -> Gaylussacia baccata | G279: black huckleberry | H279: Huck | I279: 41.44393 | J279: -75.54698 | K279: NA | L279: NA | M279: 10/20/2015 | N279: 6/13/2026 | O279: 10+ | P279: D | Q279: Preserve 10+
A280: 4 | B280: 9 | C280: =_xlfn.XLOOKUP(Table1[[#This Row],[Genus]],'Flora of PA'!J:J,'Flora of PA'!D:D) -> Ericaceae | D280: Vaccinium | E280: angustifolium | F280: =Table1[[#This Row],[Genus]]&" "&Table1[[#This Row],[Epithet]] -> Vaccinium angustifolium | G280: lowbush blueberry | H280: Lbbb | I280: 41.44393 | J280: -75.54698 | K280: NA | L280: NA | M280: 10/20/2015 | N280: 6/13/2026 | O280: 10+ | P280: D | Q280: Preserve 10+
A281: 4 | B281: 9 | C281: =_xlfn.XLOOKUP(Table1[[#This Row],[Genus]],'Flora of PA'!J:J,'Flora of PA'!D:D) -> Fagaceae | D281: Quercus | E281: montana | F281: =Table1[[#This Row],[Genus]]&" "&Table1[[#This Row],[Epithet]] -> Quercus montana | G281: chestnut oak | H281: Chest oak | I281: 41.44393 | J281: -75.54698 | K281: NA | L281: NA | M281: 10/20/2015 | N281: 6/13/2026 | O281: 10+ | P281: D | Q281: Preserve 10+
A282: 4 | B282: 9 | C282: =_xlfn.XLOOKUP(Table1[[#This Row],[Genus]],'Flora of PA'!J:J,'Flora of PA'!D:D) -> Polypodiaceae | D282: Pteridium | E282: aquilinum | F282: =Table1[[#This Row],[Genus]]&" "&Table1[[#This Row],[Epithet]] -> Pteridium aquilinum | G282: bracken fern | H282: Brack | I282: 41.44393 | J282: -75.54698 | K282: NA | L282: NA | M282: 10/20/2015 | N282: 6/13/2026 | O282: 10+ | P282: D | Q282: Preserve 10+
A283: 4 | B283: 9 | C283: =_xlfn.XLOOKUP(Table1[[#This Row],[Genus]],'Flora of PA'!J:J,'Flora of PA'!D:D) -> Ericaceae | D283: Gaultheria | E283: procumbens | F283: =Table1[[#This Row],[Genus]]&" "&Table1[[#This Row],[Epithet]] -> Gaultheria procumbens | G283: teaberry | H283: Teaberry | I283: 41.44393 | J283: -75.54698 | K283: NA | L283: NA | M283: 10/20/2015 | N283: 6/13/2026 | O283: 10+ | P283: D | Q283: Preserve 10+
A284: 4 | B284: 10 | C284: =_xlfn.XLOOKUP(Table1[[#This Row],[Genus]],'Flora of PA'!J:J,'Flora of PA'!D:D) -> Ericaceae | D284: Gaylussacia | E284: baccata | F284: =Table1[[#This Row],[Genus]]&" "&Table1[[#This Row],[Epithet]] -> Gaylussacia baccata | G284: black huckleberry | H284: Huck | I284: 41.44393 | J284: -75.54698 | K284: NA | L284: NA | M284: 10/20/2015 | N284: 6/13/2026 | O284: 10+ | P284: D | Q284: Preserve 10+
A285: 4 | B285: 10 | C285: =_xlfn.XLOOKUP(Table1[[#This Row],[Genus]],'Flora of PA'!J:J,'Flora of PA'!D:D) -> Ericaceae | D285: Vaccinium | E285: angustifolium | F285: =Table1[[#This Row],[Genus]]&" "&Table1[[#This Row],[Epithet]] -> Vaccinium angustifolium | G285: lowbush blueberry | H285: Lbbb | I285: 41.44393 | J285: -75.54698 | K285: NA | L285: NA | M285: 10/20/2015 | N285: 6/13/2026 | O285: 10+ | P285: D | Q285: Preserve 10+
A286: 4 | B286: 10 | C286: =_xlfn.XLOOKUP(Table1[[#This Row],[Genus]],'Flora of PA'!J:J,'Flora of PA'!D:D) -> Fagaceae | D286: Quercus | E286: ilicifolia | F286: =Table1[[#This Row],[Genus]]&" "&Table1[[#This Row],[Epithet]] -> Quercus ilicifolia | G286: scrub oak | H286: Scrub oak | I286: 41.44393 | J286: -75.54698 | K286: NA | L286: NA | M286: 10/20/2015 | N286: 6/13/2026 | O286: 10+ | P286: D | Q286: Preserve 10+
A287: 5 | B287: 1 | C287: =_xlfn.XLOOKUP(Table1[[#This Row],[Genus]],'Flora of PA'!J:J,'Flora of PA'!D:D) -> Polypodiaceae | D287: Pteridium | E287: aquilinum | F287: =Table1[[#This Row],[Genus]]&" "&Table1[[#This Row],[Epithet]] -> Pteridium aquilinum | G287: bracken fern | H287: Brack | I287: 41.44293 | J287: -75.54945 | K287: 41.44292 | L287: -75.55041 | M287: 10/20/2015 | N287: 6/13/2026 | O287: 10+ | P287: D | Q287: Preserve 10+
A288: 5 | B288: 1 | C288: =_xlfn.XLOOKUP(Table1[[#This Row],[Genus]],'Flora of PA'!J:J,'Flora of PA'!D:D) -> Ericaceae | D288: Gaylussacia | E288: baccata | F288: =Table1[[#This Row],[Genus]]&" "&Table1[[#This Row],[Epithet]] -> Gaylussacia baccata | G288: black huckleberry | H288: Huck | I288: 41.44293 | J288: -75.54945 | K288: 41.44292 | L288: -75.55041 | M288: 10/20/2015 | N288: 6/13/2026 | O288: 10+ | P288: D | Q288: Preserve 10+
A289: 5 | B289: 1 | C289: =_xlfn.XLOOKUP(Table1[[#This Row],[Genus]],'Flora of PA'!J:J,'Flora of PA'!D:D) -> Ericaceae | D289: Gaultheria | E289: procumbens | F289: =Table1[[#This Row],[Genus]]&" "&Table1[[#This Row],[Epithet]] -> Gaultheria procumbens | G289: teaberry | H289: Tea | I289: 41.44293 | J289: -75.54945 | K289: 41.44292 | L289: -75.55041 | M289: 10/20/2015 | N289: 6/13/2026 | O289: 10+ | P289: D | Q289: Preserve 10+
A290: 5 | B290: 1 | C290: =_xlfn.XLOOKUP(Table1[[#This Row],[Genus]],'Flora of PA'!J:J,'Flora of PA'!D:D) -> Ericaceae | D290: Vaccinium | E290: angustifolium | F290: =Table1[[#This Row],[Genus]]&" "&Table1[[#This Row],[Epithet]] -> Vaccinium angustifolium | G290: lowbush blueberry | H290: Lbbb | I290: 41.44293 | J290: -75.54945 | K290: 41.44292 | L290: -75.55041 | M290: 10/20/2015 | N290: 6/13/2026 | O290: 10+ | P290: D | Q290: Preserve 10+
... A343: 5 | B343: 10 | C343: =_xlfn.XLOOKUP(Table1[[#This Row],[Genus]],'Flora of PA'!J:J,'Flora of PA'!D:D) -> Nyssaceae | D343: Nyssa | E343: sylvatica | F343: =Table1[[#This Row],[Genus]]&" "&Table1[[#This Row],[Epithet]] -> Nyssa sylvatica | G343: black tupelo | H343: Black gum | I343: 41.44293 | J343: -75.54945 | K343: 41.44292 | L343: -75.55041 | M343: 10/20/2015 | N343: 6/13/2026 | O343: 10+ | P343: D | Q343: Preserve 10+
A344: 5 | B344: 10 | C344: Leucobryaceae | D344: Leucobryum | E344: glaucum | F344: =Table1[[#This Row],[Genus]]&" "&Table1[[#This Row],[Epithet]] -> Leucobryum glaucum | G344: pincushion moss | H344: Pincushion moss | I344: 41.44293 | J344: -75.54945 | K344: 41.44292 | L344: -75.55041 | M344: 10/20/2015 | N344: 6/13/2026 | O344: 10+ | P344: D | Q344: Preserve 10+
A345: 5 | B345: 10 | C345: =_xlfn.XLOOKUP(Table1[[#This Row],[Genus]],'Flora of PA'!J:J,'Flora of PA'!D:D) -> Sapindaceae | D345: Acer | E345: rubrum | F345: =Table1[[#This Row],[Genus]]&" "&Table1[[#This Row],[Epithet]] -> Acer rubrum | G345: red maple | H345: Red maple | I345: 41.44293 | J345: -75.54945 | K345: 41.44292 | L345: -75.55041 | M345: 10/20/2015 | N345: 6/13/2026 | O345: 10+ | P345: D | Q345: Preserve 10+
A346: 5 | B346: 10 | C346: =_xlfn.XLOOKUP(Table1[[#This Row],[Genus]],'Flora of PA'!J:J,'Flora of PA'!D:D) -> Ericaceae | D346: Kalmia | E346: angustifolia | F346: =Table1[[#This Row],[Genus]]&" "&Table1[[#This Row],[Epithet]] -> Kalmia angustifolia | G346: sheep laurel | H346: Sheep laurel | I346: 41.44293 | J346: -75.54945 | K346: 41.44292 | L346: -75.55041 | M346: 10/20/2015 | N346: 6/13/2026 | O346: 10+ | P346: D | Q346: Preserve 10+
A347: 6 | B347: 1 | C347: =_xlfn.XLOOKUP(Table1[[#This Row],[Genus]],'Flora of PA'!J:J,'Flora of PA'!D:D) -> Polypodiaceae | D347: Pteridium | E347: aquilinum | F347: =Table1[[#This Row],[Genus]]&" "&Table1[[#This Row],[Epithet]] -> Pteridium aquilinum | G347: bracken fern | H347: Brack | I347: 41.4402 | J347: -75.53864 | K347: 41.43945 | L347: -75.53854 | M347: 10/20/2015 | N347: 6/13/2026 | O347: 1-5 | P347: B | Q347: Preserve 1
A348: 6 | B348: 1 | C348: =_xlfn.XLOOKUP(Table1[[#This Row],[Genus]],'Flora of PA'!J:J,'Flora of PA'!D:D) -> Ericaceae | D348: Gaylussacia | E348: baccata | F348: =Table1[[#This Row],[Genus]]&" "&Table1[[#This Row],[Epithet]] -> Gaylussacia baccata | G348: black huckleberry | H348: Huck | I348: 41.4402 | J348: -75.53864 | K348: 41.43945 | L348: -75.53854 | M348: 10/20/2015 | N348: 6/13/2026 | O348: 1-5 | P348: B | Q348: Preserve 1
A349: 6 | B349: 1 | C349: =_xlfn.XLOOKUP(Table1[[#This Row],[Genus]],'Flora of PA'!J:J,'Flora of PA'!D:D) -> Ericaceae | D349: Gaultheria | E349: procumbens | F349: =Table1[[#This Row],[Genus]]&" "&Table1[[#This Row],[Epithet]] -> Gaultheria procumbens | G349: teaberry | H349: Tea | I349: 41.4402 | J349: -75.53864 | K349: 41.43945 | L349: -75.53854 | M349: 10/20/2015 | N349: 6/13/2026 | O349: 1-5 | P349: B | Q349: Preserve 1
A350: 6 | B350: 1 | C350: =_xlfn.XLOOKUP(Table1[[#This Row],[Genus]],'Flora of PA'!J:J,'Flora of PA'!D:D) -> Pinaceae | D350: Pinus | E350: rigida | F350: =Table1[[#This Row],[Genus]]&" "&Table1[[#This Row],[Epithet]] -> Pinus rigida | G350: pitch pine | H350: Pitch pine | I350: 41.4402 | J350: -75.53864 | K350: 41.43945 | L350: -75.53854 | M350: 10/20/2015 | N350: 6/13/2026 | O350: 1-5 | P350: B | Q350: Preserve 1
A351: 6 | B351: 1 | C351: =_xlfn.XLOOKUP(Table1[[#This Row],[Genus]],'Flora of PA'!J:J,'Flora of PA'!D:D) -> Ericaceae | D351: Vaccinium | E351: angustifolium | F351: =Table1[[#This Row],[Genus]]&" "&Table1[[#This Row],[Epithet]] -> Vaccinium angustifolium | G351: lowbush blueberry | H351: Lbbb | I351: 41.4402 | J351: -75.53864 | K351: 41.43945 | L351: -75.53854 | M351: 10/20/2015 | N351: 6/13/2026 | O351: 1-5 | P351: B | Q351: Preserve 1
A352: 6 | B352: 1 | C352: =_xlfn.XLOOKUP(Table1[[#This Row],[Genus]],'Flora of PA'!J:J,'Flora of PA'!D:D) -> Nyssaceae | D352: Nyssa | E352: sylvatica | F352: =Table1[[#This Row],[Genus]]&" "&Table1[[#This Row],[Epithet]] -> Nyssa sylvatica | G352: black tupelo | H352: Blackgum | I352: 41.4402 | J352: -75.53864 | K352: 41.43945 | L352: -75.53854 | M352: 10/20/2015 | N352: 6/13/2026 | O352: 1-5 | P352: B | Q352: Preserve 1
A353: 6 | B353: 2 | C353: =_xlfn.XLOOKUP(Table1[[#This Row],[Genus]],'Flora of PA'!J:J,'Flora of PA'!D:D) -> Ericaceae | D353: Gaylussacia | E353: baccata | F353: =Table1[[#This Row],[Genus]]&" "&Table1[[#This Row],[Epithet]] -> Gaylussacia baccata | G353: black huckleberry | H353: Huck | I353: 41.4402 | J353: -75.53864 | K353: 41.43945 | L353: -75.53854 | M353: 10/20/2015 | N353: 6/13/2026 | O353: 1-5 | P353: B | Q353: Preserve 1
A354: 6 | B354: 2 | C354: =_xlfn.XLOOKUP(Table1[[#This Row],[Genus]],'Flora of PA'!J:J,'Flora of PA'!D:D) -> Polypodiaceae | D354: Pteridium | E354: aquilinum | F354: =Table1[[#This Row],[Genus]]&" "&Table1[[#This Row],[Epithet]] -> Pteridium aquilinum | G354: bracken fern | H354: Brack | I354: 41.4402 | J354: -75.53864 | K354: 41.43945 | L354: -75.53854 | M354: 10/20/2015 | N354: 6/13/2026 | O354: 1-5 | P354: B | Q354: Preserve 1
A355: 6 | B355: 2 | C355: =_xlfn.XLOOKUP(Table1[[#This Row],[Genus]],'Flora of PA'!J:J,'Flora of PA'!D:D) -> Ericaceae | D355: Gaultheria | E355: procumbens | F355: =Table1[[#This Row],[Genus]]&" "&Table1[[#This Row],[Epithet]] -> Gaultheria procumbens | G355: teaberry | H355: Tea | I355: 41.4402 | J355: -75.53864 | K355: 41.43945 | L355: -75.53854 | M355: 10/20/2015 | N355: 6/13/2026 | O355: 1-5 | P355: B | Q355: Preserve 1
A356: 6 | B356: 2 | C356: =_xlfn.XLOOKUP(Table1[[#This Row],[Genus]],'Flora of PA'!J:J,'Flora of PA'!D:D) -> Fagaceae | D356: Quercus | E356: montana | F356: =Table1[[#This Row],[Genus]]&" "&Table1[[#This Row],[Epithet]] -> Quercus montana | G356: chestnut oak | H356: Chest oak | I356: 41.4402 | J356: -75.53864 | K356: 41.43945 | L356: -75.53854 | M356: 10/20/2015 | N356: 6/13/2026 | O356: 1-5 | P356: B | Q356: Preserve 1
... A403: 6 | B403: 10 | C403: =_xlfn.XLOOKUP(Table1[[#This Row],[Genus]],'Flora of PA'!J:J,'Flora of PA'!D:D) -> Nyssaceae | D403: Nyssa | E403: sylvatica | F403: =Table1[[#This Row],[Genus]]&" "&Table1[[#This Row],[Epithet]] -> Nyssa sylvatica | G403: black tupelo | H403: Black gum | I403: 41.4402 | J403: -75.53864 | K403: 41.43945 | L403: -75.53854 | M403: 10/20/2015 | N403: 6/13/2026 | O403: 1-5 | P403: B | Q403: Preserve 1
A404: 6 | B404: 10 | C404: Leucobryaceae | D404: Leucobryum | E404: glaucum | F404: =Table1[[#This Row],[Genus]]&" "&Table1[[#This Row],[Epithet]] -> Leucobryum glaucum | G404: pincushion moss | H404: Pincushion moss | I404: 41.4402 | J404: -75.53864 | K404: 41.43945 | L404: -75.53854 | M404: 10/20/2015 | N404: 6/13/2026 | O404: 1-5 | P404: B | Q404: Preserve 1
A405: 6 | B405: 10 | C405: =_xlfn.XLOOKUP(Table1[[#This Row],[Genus]],'Flora of PA'!J:J,'Flora of PA'!D:D) -> Sapindaceae | D405: Acer | E405: rubrum | F405: =Table1[[#This Row],[Genus]]&" "&Table1[[#This Row],[Epithet]] -> Acer rubrum | G405: red maple | H405: Red maple | I405: 41.4402 | J405: -75.53864 | K405: 41.43945 | L405: -75.53854 | M405: 10/20/2015 | N405: 6/13/2026 | O405: 1-5 | P405: B | Q405: Preserve 1
A406: 6 | B406: 10 | C406: =_xlfn.XLOOKUP(Table1[[#This Row],[Genus]],'Flora of PA'!J:J,'Flora of PA'!D:D) -> Ericaceae | D406: Kalmia | E406: angustifolia | F406: =Table1[[#This Row],[Genus]]&" "&Table1[[#This Row],[Epithet]] -> Kalmia angustifolia | G406: sheep laurel | H406: Sheep laurel | I406: 41.4402 | J406: -75.53864 | K406: 41.43945 | L406: -75.53854 | M406: 10/20/2015 | N406: 6/13/2026 | O406: 1-5 | P406: B | Q406: Preserve 1
A407: 7 | B407: 1 | C407: =_xlfn.XLOOKUP(Table1[[#This Row],[Genus]],'Flora of PA'!J:J,'Flora of PA'!D:D) -> Betulaceae | D407: Betula | E407: populifolia | F407: =Table1[[#This Row],[Genus]]&" "&Table1[[#This Row],[Epithet]] -> Betula populifolia | G407: gray birch | H407: Gray birch | I407: 41.43919 | J407: -75.53586 | K407: NA | L407: NA | M407: 10/20/2015 | N407: 6/13/2026 | O407: 1-5 | P407: B | Q407: Preserve 1
A408: 7 | B408: 1 | C408: =_xlfn.XLOOKUP(Table1[[#This Row],[Genus]],'Flora of PA'!J:J,'Flora of PA'!D:D) -> Poaceae | D408: Schizachyrium | E408: scoparium | F408: =Table1[[#This Row],[Genus]]&" "&Table1[[#This Row],[Epithet]] -> Schizachyrium scoparium | G408: little bluestem | H408: Little bluestem | I408: 41.43919 | J408: -75.53586 | K408: NA | L408: NA | M408: 10/20/2015 | N408: 6/13/2026 | O408: 1-5 | P408: B | Q408: Preserve 1
...

Sheet notes and translation
A1: translation
A2: segment #'s | B2: 0-10 = 1 | C2: 10-20 =2 | D2: so on
A3: Raw Name | B3: The exact way it is written in the field notes
A4: Catergory symbols | B4: 0-1 | C4: A
B5: 1-5 | C5: B
B6: 5-10 | C6: C
B7: 10+ | C7: D
B8: Never | C8: E
A12: cleaning notes | B12: relized my shining clubmoss is really some hairmoss, needed to change ids
B13: for species only ID down to family level species will be labled as "(family name) sp."
B14: for the two mosses with no greater id than as a moss it will be just Moss sp., same for faimly will just be moss
B15: anything without an extra lower level id will be something different than something else seen before

Sheet Removed entries
A1: 4 | B1: 10 | E1: Reindeer moss morpho | F1: Reindeer moss morpho | G1: 41.44393 | H1: -75.54698 | I1: NA | J1: NA | K1: 10/20/2015 | L1: 6/13/2026 | M1: 10+ | N1: Preserve 10+ | P1: double check for species | Q1: removed as this is a lichen
A6: Transect # | B6: Segment | C6: Genus | D6: Species | E6: Species common | F6: Raw name | G6: StartLattitude | H6: StartLongitude | I6: EndLattitude | J6: EndLongitude | K6: BurnDate | L6: CollectedDate | M6: Time Category | N6: Burn Unit | O6: Days Since Burn | P6: Notes | Q6: Cleaning notes
A7: 22 | B7: 1 | E7: black huckleberry | F7: Huck | G7: 41.49095 | H7: -75.48082 | I7: 41.4904 | J7: -75.48111 | K7: 5/7/2024 | L7: 7/12/2026 | M7: ? | N7: 300 test 1 | P7: seems to have burned more recently than map says must confirm for all in unit | Q7: Removed, not in a relevant unit
A8: 22 | B8: 1 | E8: scrub oak | F8: scrub oak | G8: 41.49095 | H8: -75.48082 | I8: 41.4904 | J8: -75.48111 | K8: 5/7/2024 | L8: 7/12/2026 | M8: ? | N8: 300 test 1 | Q8: Removed, not in a relevant unit
A9: 22 | B9: 1 | E9: bracken fern | F9: Bracken fern | G9: 41.49095 | H9: -75.48082 | I9: 41.4904 | J9: -75.48111 | K9: 5/7/2024 | L9: 7/12/2026 | M9: ? | N9: 300 test 1 | Q9: Removed, not in a relevant unit
A10: 22 | B10: 1 | E10: black chokeberry | F10: Choke berry | G10: 41.49095 | H10: -75.48082 | I10: 41.4904 | J10: -75.48111 | K10: 5/7/2024 | L10: 7/12/2026 | M10: ? | N10: 300 test 1 | Q10: Removed, not in a relevant unit
A11: 22 | B11: 1 | E11: smooth witherod | F11: Viburnum | G11: 41.49095 | H11: -75.48082 | I11: 41.4904 | J11: -75.48111 | K11: 5/7/2024 | L11: 7/12/2026 | M11: ? | N11: 300 test 1 | Q11: Removed, not in a relevant unit
A12: 22 | B12: 2 | E12: bracken fern | F12: Bracken | G12: 41.49095 | H12: -75.48082 | I12: 41.4904 | J12: -75.48111 | K12: 5/7/2024 | L12: 7/12/2026 | M12: ? | N12: 300 test 1 | Q12: Removed, not in a relevant unit
A13: 22 | B13: 2 | E13: black huckleberry | F13: Huck | G13: 41.49095 | H13: -75.48082 | I13: 41.4904 | J13: -75.48111 | K13: 5/7/2024 | L13: 7/12/2026 | M13: ? | N13: 300 test 1 | Q13: Removed, not in a relevant unit
A14: 22 | B14: 2 | E14: scrub oak | F14: Scrub oak | G14: 41.49095 | H14: -75.48082 | I14: 41.4904 | J14: -75.48111 | K14: 5/7/2024 | L14: 7/12/2026 | M14: ? | N14: 300 test 1 | Q14: Removed, not in a relevant unit
A15: 22 | B15: 3 | E15: bracken fern | F15: Bracken | G15: 41.49095 | H15: -75.48082 | I15: 41.4904 | J15: -75.48111 | K15: 5/7/2024 | L15: 7/12/2026 | M15: ? | N15: 300 test 1 | Q15: Removed, not in a relevant unit
A16: 22 | B16: 3 | E16: black huckleberry | F16: Huck | G16: 41.49095 | H16: -75.48082 | I16: 41.4904 | J16: -75.48111 | K16: 5/7/2024 | L16: 7/12/2026 | M16: ? | N16: 300 test 1 | Q16: Removed, not in a relevant unit
A17: 22 | B17: 3 | E17: scrub oak | F17: Scrub oak | G17: 41.49095 | H17: -75.48082 | I17: 41.4904 | J17: -75.48111 | K17: 5/7/2024 | L17: 7/12/2026 | M17: ? | N17: 300 test 1 | Q17: Removed, not in a relevant unit
A18: 22 | B18: 3 | E18: Poacea species | F18: Grass species | G18: 41.49095 | H18: -75.48082 | I18: 41.4904 | J18: -75.48111 | K18: 5/7/2024 | L18: 7/12/2026 | M18: ? | N18: 300 test 1 | P18: decide on morpho | Q18: Removed, not in a relevant unit
A19: 22 | B19: 4 | E19: bracken fern | F19: Bracken | G19: 41.49095 | H19: -75.48082 | I19: 41.4904 | J19: -75.48111 | K19: 5/7/2024 | L19: 7/12/2026 | M19: ? | N19: 300 test 1 | Q19: Removed, not in a relevant unit
A20: 22 | B20: 4 | E20: black huckleberry | F20: Huck | G20: 41.49095 | H20: -75.48082 | I20: 41.4904 | J20: -75.48111 | K20: 5/7/2024 | L20: 7/12/2026 | M20: ? | N20: 300 test 1 | Q20: Removed, not in a relevant unit
A21: 22 | B21: 4 | E21: scrub oak | F21: Scrub oak | G21: 41.49095 | H21: -75.48082 | I21: 41.4904 | J21: -75.48111 | K21: 5/7/2024 | L21: 7/12/2026 | M21: ? | N21: 300 test 1 | Q21: Removed, not in a relevant unit
A22: 22 | B22: 4 | E22: lowbush blueberry | F22: Lbbb | G22: 41.49095 | H22: -75.48082 | I22: 41.4904 | J22: -75.48111 | K22: 5/7/2024 | L22: 7/12/2026 | M22: ? | N22: 300 test 1 | Q22: Removed, not in a relevant unit
A23: 22 | B23: 4 | E23: Poacea species | F23: Grass species | G23: 41.49095 | H23: -75.48082 | I23: 41.4904 | J23: -75.48111 | K23: 5/7/2024 | L23: 7/12/2026 | M23: ? | N23: 300 test 1 | P23: decide on morpho | Q23: Removed, not in a relevant unit
A24: 22 | B24: 5 | E24: bracken fern | F24: Bracken | G24: 41.49095 | H24: -75.48082 | I24: 41.4904 | J24: -75.48111 | K24: 5/7/2024 | L24: 7/12/2026 | M24: ? | N24: 300 test 1 | Q24: Removed, not in a relevant unit
A25: 22 | B25: 5 | E25: black huckleberry | F25: Huck | G25: 41.49095 | H25: -75.48082 | I25: 41.4904 | J25: -75.48111 | K25: 5/7/2024 | L25: 7/12/2026 | M25: ? | N25: 300 test 1 | Q25: Removed, not in a relevant unit
A26: 22 | B26: 5 | E26: scrub oak | F26: Scrub oak | G26: 41.49095 | H26: -75.48082 | I26: 41.4904 | J26: -75.48111 | K26: 5/7/2024 | L26: 7/12/2026 | M26: ? | N26: 300 test 1 | Q26: Removed, not in a relevant unit
A27: 22 | B27: 5 | E27: sassafras | F27: Sass | G27: 41.49095 | H27: -75.48082 | I27: 41.4904 | J27: -75.48111 | K27: 5/7/2024 | L27: 7/12/2026 | M27: ? | N27: 300 test 1 | Q27: Removed, not in a relevant unit
A28: 22 | B28: 5 | E28: lowbush blueberry | F28: Lbbb | G28: 41.49095 | H28: -75.48082 | I28: 41.4904 | J28: -75.48111 | K28: 5/7/2024 | L28: 7/12/2026 | M28: ? | N28: 300 test 1 | Q28: Removed, not in a relevant unit
A29: 22 | B29: 5 | E29: black chokeberry | F29: Chokeberry | G29: 41.49095 | H29: -75.48082 | I29: 41.4904 | J29: -75.48111 | K29: 5/7/2024 | L29: 7/12/2026 | M29: ? | N29: 300 test 1 | Q29: Removed, not in a relevant unit
A30: 22 | B30: 6 | E30: teaberry | F30: Teaberry | G30: 41.49095 | H30: -75.48082 | I30: 41.4904 | J30: -75.48111 | K30: 5/7/2024 | L30: 7/12/2026 | M30: ? | N30: 300 test 1 | Q30: Removed, not in a relevant unit
A31: 22 | B31: 6 | E31: bracken fern | F31: Bracken | G31: 41.49095 | H31: -75.48082 | I31: 41.4904 | J31: -75.48111 | K31: 5/7/2024 | L31: 7/12/2026 | M31: ? | N31: 300 test 1 | Q31: Removed, not in a relevant unit
A32: 22 | B32: 6 | E32: black huckleberry | F32: Huck | G32: 41.49095 | H32: -75.48082 | I32: 41.4904 | J32: -75.48111 | K32: 5/7/2024 | L32: 7/12/2026 | M32: ? | N32: 300 test 1 | Q32: Removed, not in a relevant unit
A33: 22 | B33: 6 | E33: scrub oak | F33: Scrub oak | G33: 41.49095 | H33: -75.48082 | I33: 41.4904 | J33: -75.48111 | K33: 5/7/2024 | L33: 7/12/2026 | M33: ? | N33: 300 test 1 | Q33: Removed, not in a relevant unit
A34: 22 | B34: 6 | E34: sassafras | F34: Sass | G34: 41.49095 | H34: -75.48082 | I34: 41.4904 | J34: -75.48111 | K34: 5/7/2024 | L34: 7/12/2026 | M34: ? | N34: 300 test 1 | Q34: Removed, not in a relevant unit
A35: 22 | B35: 7 | E35: teaberry | F35: Teaberry | G35: 41.49095 | H35: -75.48082 | I35: 41.4904 | J35: -75.48111 | K35: 5/7/2024 | L35: 7/12/2026 | M35: ? | N35: 300 test 1 | Q35: Removed, not in a relevant unit
... A47: 22 | B47: 8 | E47: sweet fern | F47: Sweet fern | G47: 41.49095 | H47: -75.48082 | I47: 41.4904 | J47: -75.48111 | K47: 5/7/2024 | L47: 7/12/2026 | M47: ? | N47: 300 test 1 | Q47: Removed, not in a relevant unit
A48: 22 | B48: 8 | E48: Poacea species | F48: Grass species | G48: 41.49095 | H48: -75.48082 | I48: 41.4904 | J48: -75.48111 | K48: 5/7/2024 | L48: 7/12/2026 | M48: ? | N48: 300 test 1 | P48: decide on morpho | Q48: Removed, not in a relevant unit
A49: 22 | B49: 9 | E49: bracken fern | F49: Bracken | G49: 41.49095 | H49: -75.48082 | I49: 41.4904 | J49: -75.48111 | K49: 5/7/2024 | L49: 7/12/2026 | M49: ? | N49: 300 test 1 | Q49: Removed, not in a relevant unit
A50: 22 | B50: 9 | E50: black huckleberry | F50: Huck | G50: 41.49095 | H50: -75.48082 | I50: 41.4904 | J50: -75.48111 | K50: 5/7/2024 | L50: 7/12/2026 | M50: ? | N50: 300 test 1 | Q50: Removed, not in a relevant unit
A51: 22 | B51: 9 | E51: scrub oak | F51: Scrub oak | G51: 41.49095 | H51: -75.48082 | I51: 41.4904 | J51: -75.48111 | K51: 5/7/2024 | L51: 7/12/2026 | M51: ? | N51: 300 test 1 | Q51: Removed, not in a relevant unit
A52: 22 | B52: 9 | E52: sassafras | F52: Sassafras | G52: 41.49095 | H52: -75.48082 | I52: 41.4904 | J52: -75.48111 | K52: 5/7/2024 | L52: 7/12/2026 | M52: ? | N52: 300 test 1 | Q52: Removed, not in a relevant unit
A53: 22 | B53: 9 | E53: smooth witherod | F53: Viburnum nudum | G53: 41.49095 | H53: -75.48082 | I53: 41.4904 | J53: -75.48111 | K53: 5/7/2024 | L53: 7/12/2026 | M53: ? | N53: 300 test 1 | Q53: Removed, not in a relevant unit
A54: 22 | B54: 10 | E54: bracken fern | F54: Bracken | G54: 41.49095 | H54: -75.48082 | I54: 41.4904 | J54: -75.48111 | K54: 5/7/2024 | L54: 7/12/2026 | M54: ? | N54: 300 test 1 | Q54: Removed, not in a relevant unit
A55: 22 | B55: 10 | E55: black huckleberry | F55: Huck | G55: 41.49095 | H55: -75.48082 | I55: 41.4904 | J55: -75.48111 | K55: 5/7/2024 | L55: 7/12/2026 | M55: ? | N55: 300 test 1 | Q55: Removed, not in a relevant unit
A56: 22 | B56: 10 | E56: scrub oak | F56: Scrub oak | G56: 41.49095 | H56: -75.48082 | I56: 41.4904 | J56: -75.48111 | K56: 5/7/2024 | L56: 7/12/2026 | M56: ? | N56: 300 test 1 | Q56: Removed, not in a relevant unit
A57: 22 | B57: 10 | E57: sassafras | F57: Sassafras | G57: 41.49095 | H57: -75.48082 | I57: 41.4904 | J57: -75.48111 | K57: 5/7/2024 | L57: 7/12/2026 | M57: ? | N57: 300 test 1 | Q57: Removed, not in a relevant unit
A58: 22 | B58: 10 | E58: teaberry | F58: Teaberry | G58: 41.49095 | H58: -75.48082 | I58: 41.4904 | J58: -75.48111 | K58: 5/7/2024 | L58: 7/12/2026 | M58: ? | N58: 300 test 1 | Q58: Removed, not in a relevant unit
A59: 22 | B59: 10 | E59: Poacea species | F59: Grass species | G59: 41.49095 | H59: -75.48082 | I59: 41.4904 | J59: -75.48111 | K59: 5/7/2024 | L59: 7/12/2026 | M59: ? | N59: 300 test 1 | P59: decide on morpho | Q59: Removed, not in a relevant unit
A62: 24 | B62: 1 | E62: gray birch | F62: Gray birch | G62: 41.48953 | H62: -75.48019 | I62: 41.48948 | J62: -75.48103 | K62: ? | L62: 7/12/2026 | M62: ? | N62: 300 test 3 | Q62: Removed, not in a relevant unit
A63: 24 | B63: 1 | E63: bracken fern | F63: Bracken | G63: 41.48953 | H63: -75.48019 | I63: 41.48948 | J63: -75.48103 | K63: ? | L63: 7/12/2026 | M63: ? | N63: 300 test 3 | Q63: Removed, not in a relevant unit
A64: 24 | B64: 1 | E64: red maple | F64: Red maple | G64: 41.48953 | H64: -75.48019 | I64: 41.48948 | J64: -75.48103 | K64: ? | L64: 7/12/2026 | M64: ? | N64: 300 test 3 | Q64: Removed, not in a relevant unit
A65: 24 | B65: 1 | E65: lowbush blueberry | F65: Lbbb | G65: 41.48953 | H65: -75.48019 | I65: 41.48948 | J65: -75.48103 | K65: ? | L65: 7/12/2026 | M65: ? | N65: 300 test 3 | Q65: Removed, not in a relevant unit
A66: 24 | B66: 1 | E66: scrub oak | F66: Scrub oak | G66: 41.48953 | H66: -75.48019 | I66: 41.48948 | J66: -75.48103 | K66: ? | L66: 7/12/2026 | M66: ? | N66: 300 test 3 | Q66: Removed, not in a relevant unit
A67: 24 | B67: 1 | E67: smooth witherod | F67: V nudum | G67: 41.48953 | H67: -75.48019 | I67: 41.48948 | J67: -75.48103 | K67: ? | L67: 7/12/2026 | M67: ? | N67: 300 test 3 | Q67: Removed, not in a relevant unit
A68: 24 | B68: 1 | E68: Allegheny blackberry | F68: Allegheny bb | G68: 41.48953 | H68: -75.48019 | I68: 41.48948 | J68: -75.48103 | K68: ? | L68: 7/12/2026 | M68: ? | N68: 300 test 3 | Q68: Removed, not in a relevant unit
A69: 24 | B69: 2 | E69: scrub oak | F69: Scrub | G69: 41.48953 | H69: -75.48019 | I69: 41.48948 | J69: -75.48103 | K69: ? | L69: 7/12/2026 | M69: ? | N69: 300 test 3 | Q69: Removed, not in a relevant unit
A70: 24 | B70: 2 | E70: lowbush blueberry | F70: LbBb | G70: 41.48953 | H70: -75.48019 | I70: 41.48948 | J70: -75.48103 | K70: ? | L70: 7/12/2026 | M70: ? | N70: 300 test 3 | Q70: Removed, not in a relevant unit
A71: 24 | B71: 2 | E71: gray birch | F71: Gray birch | G71: 41.48953 | H71: -75.48019 | I71: 41.48948 | J71: -75.48103 | K71: ? | L71: 7/12/2026 | M71: ? | N71: 300 test 3 | Q71: Removed, not in a relevant unit
A72: 24 | B72: 2 | E72: bracken fern | F72: Braken | G72: 41.48953 | H72: -75.48019 | I72: 41.48948 | J72: -75.48103 | K72: ? | L72: 7/12/2026 | M72: ? | N72: 300 test 3 | Q72: Removed, not in a relevant unit
A73: 24 | B73: 2 | E73: Poacea species | F73: Grass species | G73: 41.48953 | H73: -75.48019 | I73: 41.48948 | J73: -75.48103 | K73: ? | L73: 7/12/2026 | M73: ? | N73: 300 test 3 | P73: decide on morpho | Q73: Removed, not in a relevant unit
A74: 24 | B74: 2 | E74: black chokeberry | F74: Chokeberry | G74: 41.48953 | H74: -75.48019 | I74: 41.48948 | J74: -75.48103 | K74: ? | L74: 7/12/2026 | M74: ? | N74: 300 test 3 | Q74: Removed, not in a relevant unit
A75: 24 | B75: 2 | E75: Allegheny blackberry | F75: Allegheny bb | G75: 41.48953 | H75: -75.48019 | I75: 41.48948 | J75: -75.48103 | K75: ? | L75: 7/12/2026 | M75: ? | N75: 300 test 3 | Q75: Removed, not in a relevant unit
A76: 24 | B76: 3 | E76: black huckleberry | F76: Huckleberry | G76: 41.48953 | H76: -75.48019 | I76: 41.48948 | J76: -75.48103 | K76: ? | L76: 7/12/2026 | M76: ? | N76: 300 test 3 | Q76: Removed, not in a relevant unit
A77: 24 | B77: 3 | E77: bracken fern | F77: Branden fern | G77: 41.48953 | H77: -75.48019 | I77: 41.48948 | J77: -75.48103 | K77: ? | L77: 7/12/2026 | M77: ? | N77: 300 test 3 | Q77: Removed, not in a relevant unit
A78: 24 | B78: 3 | E78: scrub oak | F78: Scrub oak | G78: 41.48953 | H78: -75.48019 | I78: 41.48948 | J78: -75.48103 | K78: ? | L78: 7/12/2026 | M78: ? | N78: 300 test 3 | Q78: Removed, not in a relevant unit
A79: 24 | B79: 3 | E79: Poacea species | F79: Grass species | G79: 41.48953 | H79: -75.48019 | I79: 41.48948 | J79: -75.48103 | K79: ? | L79: 7/12/2026 | M79: ? | N79: 300 test 3 | P79: decide on morpho | Q79: Removed, not in a relevant unit
A80: 24 | B80: 3 | E80: whorled yellow loosestrife | F80: Whirled yellow loosestrife | G80: 41.48953 | H80: -75.48019 | I80: 41.48948 | J80: -75.48103 | K80: ? | L80: 7/12/2026 | M80: ? | N80: 300 test 3 | Q80: Removed, not in a relevant unit
A81: 24 | B81: 3 | E81: sweet fern | F81: sweet fern | G81: 41.48953 | H81: -75.48019 | I81: 41.48948 | J81: -75.48103 | K81: ? | L81: 7/12/2026 | M81: ? | N81: 300 test 3 | Q81: Removed, not in a relevant unit
A82: 24 | B82: 3 | E82: gray birch | F82: Gray birch | G82: 41.48953 | H82: -75.48019 | I82: 41.48948 | J82: -75.48103 | K82: ? | L82: 7/12/2026 | M82: ? | N82: 300 test 3 | Q82: Removed, not in a relevant unit
A83: 24 | B83: 3 | E83: Allegheny blackberry | F83: Allegheny bb | G83: 41.48953 | H83: -75.48019 | I83: 41.48948 | J83: -75.48103 | K83: ? | L83: 7/12/2026 | M83: ? | N83: 300 test 3 | Q83: Removed, not in a relevant unit
A84: 24 | B84: 3 | E84: pin cherry | F84: Pin cherry | G84: 41.48953 | H84: -75.48019 | I84: 41.48948 | J84: -75.48103 | K84: ? | L84: 7/12/2026 | M84: ? | N84: 300 test 3 | Q84: Removed, not in a relevant unit
A85: 24 | B85: 4 | E85: black huckleberry | F85: Huckleberry | G85: 41.48953 | H85: -75.48019 | I85: 41.48948 | J85: -75.48103 | K85: ? | L85: 7/12/2026 | M85: ? | N85: 300 test 3 | Q85: Removed, not in a relevant unit
A86: 24 | B86: 4 | E86: bracken fern | F86: Braken fern | G86: 41.48953 | H86: -75.48019 | I86: 41.48948 | J86: -75.48103 | K86: ? | L86: 7/12/2026 | M86: ? | N86: 300 test 3 | Q86: Removed, not in a relevant unit
A87: 24 | B87: 4 | E87: Poacea species | F87: Grass species | G87: 41.48953 | H87: -75.48019 | I87: 41.48948 | J87: -75.48103 | K87: ? | L87: 7/12/2026 | M87: ? | N87: 300 test 3 | P87: decide on morpho | Q87: Removed, not in a relevant unit
A88: 24 | B88: 4 | E88: scrub oak | F88: Scrub oak | G88: 41.48953 | H88: -75.48019 | I88: 41.48948 | J88: -75.48103 | K88: ? | L88: 7/12/2026 | M88: ? | N88: 300 test 3 | Q88: Removed, not in a relevant unit
A89: 24 | B89: 4 | E89: smooth witherod | F89: V nudum | G89: 41.48953 | H89: -75.48019 | I89: 41.48948 | J89: -75.48103 | K89: ? | L89: 7/12/2026 | M89: ? | N89: 300 test 3 | Q89: Removed, not in a relevant unit
A90: 24 | B90: 4 | E90: sheep laurel | F90: Sheep laurel | G90: 41.48953 | H90: -75.48019 | I90: 41.48948 | J90: -75.48103 | K90: ? | L90: 7/12/2026 | M90: ? | N90: 300 test 3 | Q90: Removed, not in a relevant unit
A91: 24 | B91: 5 | E91: scrub oak | F91: Scrub oak | G91: 41.48953 | H91: -75.48019 | I91: 41.48948 | J91: -75.48103 | K91: ? | L91: 7/12/2026 | M91: ? | N91: 300 test 3 | Q91: Removed, not in a relevant unit
A92: 24 | B92: 5 | E92: black huckleberry | F92: Huck | G92: 41.48953 | H92: -75.48019 | I92: 41.48948 | J92: -75.48103 | K92: ? | L92: 7/12/2026 | M92: ? | N92: 300 test 3 | Q92: Removed, not in a relevant unit
A93: 24 | B93: 5 | E93: sheep laurel | F93: Sheep laurel | G93: 41.48953 | H93: -75.48019 | I93: 41.48948 | J93: -75.48103 | K93: ? | L93: 7/12/2026 | M93: ? | N93: 300 test 3 | Q93: Removed, not in a relevant unit
A94: 24 | B94: 5 | E94: lowbush blueberry | F94: Lbbb | G94: 41.48953 | H94: -75.48019 | I94: 41.48948 | J94: -75.48103 | K94: ? | L94: 7/12/2026 | M94: ? | N94: 300 test 3 | Q94: Removed, not in a relevant unit
A95: 24 | B95: 5 | E95: sweet fern | F95: Sweet fern | G95: 41.48953 | H95: -75.48019 | I95: 41.48948 | J95: -75.48103 | K95: ? | L95: 7/12/2026 | M95: ? | N95: 300 test 3 | Q95: Removed, not in a relevant unit
A96: 24 | B96: 5 | E96: bracken fern | F96: Braken fern | G96: 41.48953 | H96: -75.48019 | I96: 41.48948 | J96: -75.48103 | K96: ? | L96: 7/12/2026 | M96: ? | N96: 300 test 3 | Q96: Removed, not in a relevant unit
A97: 24 | B97: 5 | E97: teaberry | F97: Teaberry | G97: 41.48953 | H97: -75.48019 | I97: 41.48948 | J97: -75.48103 | K97: ? | L97: 7/12/2026 | M97: ? | N97: 300 test 3 | Q97: Removed, not in a relevant unit
A98: 24 | B98: 5 | E98: Poacea species | F98: Grass species | G98: 41.48953 | H98: -75.48019 | I98: 41.48948 | J98: -75.48103 | K98: ? | L98: 7/12/2026 | M98: ? | N98: 300 test 3 | P98: decide on morpho | Q98: Removed, not in a relevant unit
A99: 24 | B99: 6 | E99: Poacea species | F99: Grass species | G99: 41.48953 | H99: -75.48019 | I99: 41.48948 | J99: -75.48103 | K99: ? | L99: 7/12/2026 | M99: ? | N99: 300 test 3 | P99: decide on morpho | Q99: Removed, not in a relevant unit
A100: 24 | B100: 6 | E100: black huckleberry | F100: Huck | G100: 41.48953 | H100: -75.48019 | I100: 41.48948 | J100: -75.48103 | K100: ? | L100: 7/12/2026 | M100: ? | N100: 300 test 3 | Q100: Removed, not in a relevant unit
A101: 24 | B101: 6 | E101: scrub oak | F101: Scrub oak | G101: 41.48953 | H101: -75.48019 | I101: 41.48948 | J101: -75.48103 | K101: ? | L101: 7/12/2026 | M101: ? | N101: 300 test 3 | Q101: Removed, not in a relevant unit
A102: 24 | B102: 6 | E102: sweet fern | F102: Sweet fern | G102: 41.48953 | H102: -75.48019 | I102: 41.48948 | J102: -75.48103 | K102: ? | L102: 7/12/2026 | M102: ? | N102: 300 test 3 | Q102: Removed, not in a relevant unit
A103: 24 | B103: 6 | E103: whorled yellow loosestrife | F103: Whorled yellow loosestrife | G103: 41.48953 | H103: -75.48019 | I103: 41.48948 | J103: -75.48103 | K103: ? | L103: 7/12/2026 | M103: ? | N103: 300 test 3 | Q103: Removed, not in a relevant unit
A104: 24 | B104: 6 | E104: sassafras | F104: Sassafras | G104: 41.48953 | H104: -75.48019 | I104: 41.48948 | J104: -75.48103 | K104: ? | L104: 7/12/2026 | M104: ? | N104: 300 test 3 | Q104: Removed, not in a relevant unit
A105: 24 | B105: 6 | E105: teaberry | F105: Teaberry | G105: 41.48953 | H105: -75.48019 | I105: 41.48948 | J105: -75.48103 | K105: ? | L105: 7/12/2026 | M105: ? | N105: 300 test 3 | Q105: Removed, not in a relevant unit
A106: 24 | B106: 6 | E106: black chokeberry | F106: Aronia | G106: 41.48953 | H106: -75.48019 | I106: 41.48948 | J106: -75.48103 | K106: ? | L106: 7/12/2026 | M106: ? | N106: 300 test 3 | Q106: Removed, not in a relevant unit
A107: 24 | B107: 7 | E107: sheep laurel | F107: Sheep laurel | G107: 41.48953 | H107: -75.48019 | I107: 41.48948 | J107: -75.48103 | K107: ? | L107: 7/12/2026 | M107: ? | N107: 300 test 3 | Q107: Removed, not in a relevant unit
A108: 24 | B108: 7 | E108: scrub oak | F108: Scrub oak | G108: 41.48953 | H108: -75.48019 | I108: 41.48948 | J108: -75.48103 | K108: ? | L108: 7/12/2026 | M108: ? | N108: 300 test 3 | Q108: Removed, not in a relevant unit
A109: 24 | B109: 7 | E109: black huckleberry | F109: Huck | G109: 41.48953 | H109: -75.48019 | I109: 41.48948 | J109: -75.48103 | K109: ? | L109: 7/12/2026 | M109: ? | N109: 300 test 3 | Q109: Removed, not in a relevant unit
A110: 24 | B110: 7 | E110: bracken fern | F110: Braken | G110: 41.48953 | H110: -75.48019 | I110: 41.48948 | J110: -75.48103 | K110: ? | L110: 7/12/2026 | M110: ? | N110: 300 test 3 | Q110: Removed, not in a relevant unit
A111: 24 | B111: 7 | E111: wavy hairgrass | F111: Wavy | G111: 41.48953 | H111: -75.48019 | I111: 41.48948 | J111: -75.48103 | K111: ? | L111: 7/12/2026 | M111: ? | N111: 300 test 3 | Q111: Removed, not in a relevant unit
... A118: 24 | B118: 8 | E118: scrub oak | F118: Scrub oak | G118: 41.48953 | H118: -75.48019 | I118: 41.48948 | J118: -75.48103 | K118: ? | L118: 7/12/2026 | M118: ? | N118: 300 test 3 | Q118: Removed, not in a relevant unit
A119: 24 | B119: 8 | E119: Poacea species | F119: Grass so | G119: 41.48953 | H119: -75.48019 | I119: 41.48948 | J119: -75.48103 | K119: ? | L119: 7/12/2026 | M119: ? | N119: 300 test 3 | P119: decide on morpho | Q119: Removed, not in a relevant unit
A120: 24 | B120: 8 | E120: smooth witherod | F120: V nudum | G120: 41.48953 | H120: -75.48019 | I120: 41.48948 | J120: -75.48103 | K120: ? | L120: 7/12/2026 | M120: ? | N120: 300 test 3 | Q120: Removed, not in a relevant unit
A121: 24 | B121: 8 | E121: sassafras | F121: Sassafras | G121: 41.48953 | H121: -75.48019 | I121: 41.48948 | J121: -75.48103 | K121: ? | L121: 7/12/2026 | M121: ? | N121: 300 test 3 | Q121: Removed, not in a relevant unit
A122: 24 | B122: 9 | E122: Poacea species | F122: Grass species | G122: 41.48953 | H122: -75.48019 | I122: 41.48948 | J122: -75.48103 | K122: ? | L122: 7/12/2026 | M122: ? | N122: 300 test 3 | P122: decide on morpho | Q122: Removed, not in a relevant unit
A123: 24 | B123: 9 | E123: scrub oak | F123: Scrub oak | G123: 41.48953 | H123: -75.48019 | I123: 41.48948 | J123: -75.48103 | K123: ? | L123: 7/12/2026 | M123: ? | N123: 300 test 3 | Q123: Removed, not in a relevant unit
...

Sheet pivot tables
C4: Row Labels | D4: Distinct Count of Transect #
C5: 0-1 | D5: 12
C6: 10+ | D6: 12
C7: 1-5 | D7: 12
C8: 5-10 | D8: 12
C9: Never | D9: 12
C10: Grand Total | D10: 59

Sheet Flora of PA
A1: Species | B1: TNRS Name | C1: Common Name | D1: Family | E1: USDA Status | F1: NewFamily | G1: Status | H1: Notes | I1: Phylomatic | J1: Genus | K1: Epithet3 | L1: Epithet 2 | M1: Epithet | N1: SSP | O1: SSP2 | P1: SSP3 | Q1: SSP4 | R1: SSP5
A2: Abies balsamea | B2: Abies balsamea | C2: Balsam fir | D2: Pinaceae | E2: =VLOOKUP(A2,[1]USDAPLANTS!C$2:D$32889,2) -> L48(N)CAN(N)SPM(N) | F2: Pinaceae | G2: native | I2: pinaceae/abies/Abies_balsamea | J2: Abies | K2: balsamea | L2: =M2 -> balsamea | M2: balsamea
A3: Abies concolor | B3: Abies concolor | C3: White fir | D3: Pinaceae | E3: =VLOOKUP(A3,[1]USDAPLANTS!C$2:D$32889,2) -> L48(N) | F3: Pinaceae | G3: native | I3: pinaceae/abies/Abies_concolor | J3: Abies | K3: concolor | L3: =M3 -> concolor | M3: concolor
A4: Abutilon theophrasti | B4: Abutilon theophrasti | C4: Butter-print | D4: Malvaceae | E4: =VLOOKUP(A4,[1]USDAPLANTS!C$2:D$32889,2) -> L48(I)CAN(I) | F4: Malvaceae | G4: introduced | I4: malvaceae/abutilon/Abutilon_theophrasti | J4: Abutilon | K4: theophrasti | L4: =M4 -> theophrasti | M4: theophrasti
A5: Acalypha deamii | B5: Acalypha deamii | C5: Deam's threeseed mercury | D5: Euphorbiaceae | E5: =VLOOKUP(A5,[1]USDAPLANTS!C$2:D$32889,2) -> L48(N) | F5: Euphorbiaceae | G5: native | I5: euphorbiaceae/acalypha/Acalypha_deamii | J5: Acalypha | K5: deamii | L5: =M5 -> deamii | M5: deamii
A6: Acalypha gracilens | B6: Acalypha gracilens | C6: Slender mercury | D6: Euphorbiaceae | E6: =VLOOKUP(A6,[1]USDAPLANTS!C$2:D$32889,2) -> L48(N) | F6: Euphorbiaceae | G6: native | I6: euphorbiaceae/acalypha/Acalypha_gracilens | J6: Acalypha | K6: gracilens | L6: =M6 -> gracilens | M6: gracilens
A7: Acalypha rhomboidea | B7: Acalypha rhomboidea | C7: Common threeseed mercury | D7: Euphorbiaceae | E7: =VLOOKUP(A7,[1]USDAPLANTS!C$2:D$32889,2) -> L48(N)CAN(N) | F7: Euphorbiaceae | G7: native | I7: euphorbiaceae/acalypha/Acalypha_rhomboidea | J7: Acalypha | K7: rhomboidea | L7: =M7 -> rhomboidea | M7: rhomboidea
A8: Acalypha virginica | B8: Acalypha virginica | C8: Virginia threeseed mercury | D8: Euphorbiaceae | E8: =VLOOKUP(A8,[1]USDAPLANTS!C$2:D$32889,2) -> L48(N) | F8: Euphorbiaceae | G8: native | I8: euphorbiaceae/acalypha/Acalypha_virginica | J8: Acalypha | K8: virginica | L8: =M8 -> virginica | M8: virginica
A9: Acanthopanax sieboldianus | B9: Acanthopanax sieboldianus | C9: Fiveleaf aralia | D9: Araliaceae | E9: =VLOOKUP(A9,[1]USDAPLANTS!C$2:D$32889,2) -> L48(N) | F9: Araliaceae | G9: native | I9: araliaceae/acanthopanax/Acanthopanax_sieboldianus | J9: Acanthopanax | K9: sieboldianus | L9: =M9 -> sieboldianus | M9: sieboldianus
A10: Acer campestre | B10: Acer campestre | C10: Hedge maple | D10: Sapindaceae | E10: =VLOOKUP(A10,[1]USDAPLANTS!C$2:D$32889,2) -> L48(I)CAN(I) | F10: Sapindaceae | G10: introduced | I10: sapindaceae/acer/Acer_campestre | J10: Acer | K10: campestre | L10: =M10 -> campestre | M10: campestre
A11: Acer ginnala | B11: Acer ginnala | C11: Amur maple | D11: Sapindaceae | E11: =VLOOKUP(A11,[1]USDAPLANTS!C$2:D$32889,2) -> L48(I)CAN(I) | F11: Sapindaceae | G11: introduced | I11: sapindaceae/acer/Acer_ginnala | J11: Acer | K11: ginnala | L11: =M11 -> ginnala | M11: ginnala
A12: Acer negundo | B12: Acer negundo | C12: Box-elder | D12: Sapindaceae | E12: =VLOOKUP(A12,[1]USDAPLANTS!C$2:D$32889,2) -> L48(N)CAN(N) | F12: Sapindaceae | G12: native | I12: sapindaceae/acer/Acer_negundo | J12: Acer | K12: negundo | L12: =M12 -> negundo | M12: negundo
A13: Acer nigrum | B13: Acer nigrum | C13: Black maple | D13: Sapindaceae | E13: =VLOOKUP(A13,[1]USDAPLANTS!C$2:D$32889,2) -> L48(N)CAN(N) | F13: Sapindaceae | G13: native | I13: sapindaceae/acer/Acer_nigrum | J13: Acer | K13: nigrum | L13: =M13 -> nigrum | M13: nigrum
... A21: Acer spicatum | B21: Acer spicatum | C21: Mountain maple | D21: Sapindaceae | E21: =VLOOKUP(A21,[1]USDAPLANTS!C$2:D$32889,2) -> L48(N)CAN(N)SPM(N) | F21: Sapindaceae | G21: native | I21: sapindaceae/acer/Acer_spicatum | J21: Acer | K21: spicatum | L21: =M21 -> spicatum | M21: spicatum
A22: Achillea millefolium | B22: Achillea millefolium | C22: Common yarrow | D22: Asteraceae | E22: =VLOOKUP(A22,[1]USDAPLANTS!C$2:D$32889,2) -> L48(I,N)AK(N)HI(I)CAN(NI)GL(N)SPM(NI) | F22: Asteraceae | G22: introduced | H22: ambig on USDA, decided from Plants of PA | I22: asteraceae/achillea/Achillea_millefolium | J22: Achillea | K22: millefolium | L22: =M22 -> millefolium | M22: millefolium
A23: Achillea ptarmica | B23: Achillea ptarmica | C23: Sneezeweed | D23: Asteraceae | E23: =VLOOKUP(A23,[1]USDAPLANTS!C$2:D$32889,2) -> L48(I)AK(I)CAN(I)GL(I)SPM(I) | F23: Asteraceae | G23: introduced | I23: asteraceae/achillea/Achillea_ptarmica | J23: Achillea | K23: ptarmica | L23: =M23 -> ptarmica | M23: ptarmica
A24: Acinos arvensis | B24: Acinos arvensis | C24: Mother-of-thyme | D24: Lamiaceae | E24: =VLOOKUP(A24,[1]USDAPLANTS!C$2:D$32889,2) -> L48(I)CAN(I) | F24: Lamiaceae | G24: introduced | I24: lamiaceae/acinos/Acinos_arvensis | J24: Acinos | K24: arvensis | L24: =M24 -> arvensis | M24: arvensis
A25: Aconitum reclinatum | B25: Aconitum reclinatum | C25: White monkshood | D25: Ranunculaceae | E25: =VLOOKUP(A25,[1]USDAPLANTS!C$2:D$32889,2) -> L48(N) | F25: Ranunculaceae | G25: native | I25: ranunculaceae/aconitum/Aconitum_reclinatum | J25: Aconitum | K25: reclinatum | L25: =M25 -> reclinatum | M25: reclinatum
A26: Aconitum uncinatum | B26: Aconitum uncinatum | C26: Blue monkshood | D26: Ranunculaceae | E26: =VLOOKUP(A26,[1]USDAPLANTS!C$2:D$32889,2) -> L48(N) | F26: Ranunculaceae | G26: native | I26: ranunculaceae/aconitum/Aconitum_uncinatum | J26: Aconitum | K26: uncinatum | L26: =M26 -> uncinatum | M26: uncinatum
A27: Acorus americanus | B27: Acorus americanus | C27: Sweetflag | D27: Acoraceae | E27: =VLOOKUP(A27,[1]USDAPLANTS!C$2:D$32889,2) -> L48(N)AK(N)CAN(N) | F27: Acoraceae | G27: native | I27: acoraceae/acorus/Acorus_americanus | J27: Acorus | K27: americanus | L27: =M27 -> americanus | M27: americanus
A28: Acorus calamus | B28: Acorus calamus | C28: Calamus | D28: Acoraceae | E28: =VLOOKUP(A28,[1]USDAPLANTS!C$2:D$32889,2) -> L48(I)CAN(I) | F28: Acoraceae | G28: introduced | I28: acoraceae/acorus/Acorus_calamus | J28: Acorus | K28: calamus | L28: =M28 -> calamus | M28: calamus
A29: Actaea pachypoda | B29: Actaea pachypoda | C29: Doll's-eyes | D29: Ranunculaceae | E29: =VLOOKUP(A29,[1]USDAPLANTS!C$2:D$32889,2) -> L48(N)CAN(N) | F29: Ranunculaceae | G29: native | I29: ranunculaceae/actaea/Actaea_pachypoda | J29: Actaea | K29: pachypoda | L29: =M29 -> pachypoda | M29: pachypoda
A30: Actaea podocarpa | B30: Actaea podocarpa | C30: American bugbane | D30: Ranunculaceae | E30: =VLOOKUP(A30,[1]USDAPLANTS!C$2:D$32889,2) -> L48(N) | F30: Ranunculaceae | G30: native | I30: ranunculaceae/actaea/Actaea_podocarpa | J30: Actaea | K30: podocarpa | L30: =M30 -> podocarpa | M30: podocarpa
A31: Actaea racemosa | B31: Actaea racemosa | C31: Black snakeroot | D31: Ranunculaceae | E31: =VLOOKUP(A31,[1]USDAPLANTS!C$2:D$32889,2) -> L48(N)CAN(N) | F31: Ranunculaceae | G31: native | I31: ranunculaceae/actaea/Actaea_racemosa | J31: Actaea | K31: racemosa | L31: =M31 -> racemosa | M31: racemosa
A32: Actaea rubra | B32: Actaea rubra | C32: Red baneberry | D32: Ranunculaceae | E32: =VLOOKUP(A32,[1]USDAPLANTS!C$2:D$32889,2) -> L48(N)AK(N)CAN(N) | F32: Ranunculaceae | G32: native | I32: ranunculaceae/actaea/Actaea_rubra | J32: Actaea | K32: rubra | L32: =M32 -> rubra | M32: rubra
A33: Actinidia arguta | B33: Actinidia arguta | C33: Bower actinidia | D33: Actinidiaceaae | E33: =VLOOKUP(A33,[1]USDAPLANTS!C$2:D$32889,2) -> L48(I) | F33: Actinidiaceaae | G33: introduced | I33: actinidiaceaae/actinidia/Actinidia_arguta | J33: Actinidia | K33: arguta | L33: =M33 -> arguta | M33: arguta
A34: Adiantum aleuticum | B34: Adiantum aleuticum | C34: Aleutian maidenhair | D34: Polypodiaceae | E34: =VLOOKUP(A34,[1]USDAPLANTS!C$2:D$32889,2) -> L48(N)AK(N)CAN(N) | F34: Polypodiaceae | G34: native | I34: polypodiaceae/adiantum/Adiantum_aleuticum | J34: Adiantum | K34: aleuticum | L34: =M34 -> aleuticum | M34: aleuticum
... A52: Agastache scrophulariifolia | B52: Agastache scrophulariifolia | C52: Purple giant-hyssop | D52: Lamiaceae | E52: =VLOOKUP(A52,[1]USDAPLANTS!C$2:D$32889,2) -> L48(N)CAN(N) | F52: Lamiaceae | G52: native | I52: lamiaceae/agastache/Agastache_scrophulariifolia | J52: Agastache | K52: scrophulariifolia | L52: =M52 -> scrophulariifolia | M52: scrophulariifolia
A53: Ageratina altissima var. altissima | B53: Ageratina altissima var. altissima | C53: White-snakeroot | D53: Asteraceae | E53: =VLOOKUP(A53,[1]USDAPLANTS!C$2:D$32889,2) -> L48(N)CAN(N) | F53: Asteraceae | G53: native | I53: asteraceae/ageratina/Ageratina_altissima var. altissima | J53: Ageratina | K53: altissima var. altissima | L53: =M53&" "&N53&" "&O53 -> altissima var. altissima | M53: altissima | N53: var. | O53: altissima
A54: Ageratina aromatica | B54: Ageratina aromatica | C54: Small-leaved white-snakeroot | D54: Asteraceae | E54: =VLOOKUP(A54,[1]USDAPLANTS!C$2:D$32889,2) -> L48(N) | F54: Asteraceae | G54: native | I54: asteraceae/ageratina/Ageratina_aromatica | J54: Ageratina | K54: aromatica | L54: =M54 -> aromatica | M54: aromatica
A55: Agrimonia gryposepala | B55: Agrimonia gryposepala | C55: Agrimony | D55: Rosaceae | E55: =VLOOKUP(A55,[1]USDAPLANTS!C$2:D$32889,2) -> L48(I) | F55: Rosaceae | G55: introduced | I55: rosaceae/agrimonia/Agrimonia_gryposepala | J55: Agrimonia | K55: gryposepala | L55: =M55 -> gryposepala | M55: gryposepala
A56: Agrimonia microcarpa | B56: Agrimonia microcarpa | C56: Small-fruited agrimony | D56: Rosaceae | E56: =VLOOKUP(A56,[1]USDAPLANTS!C$2:D$32889,2) -> L48(I) | F56: Rosaceae | G56: introduced | I56: rosaceae/agrimonia/Agrimonia_microcarpa | J56: Agrimonia | K56: microcarpa | L56: =M56 -> microcarpa | M56: microcarpa
A57: Agrimonia parviflora | B57: Agrimonia parviflora | C57: Southern agrimony | D57: Rosaceae | E57: =VLOOKUP(A57,[1]USDAPLANTS!C$2:D$32889,2) -> L48(I) | F57: Rosaceae | G57: introduced | I57: rosaceae/agrimonia/Agrimonia_parviflora | J57: Agrimonia | K57: parviflora | L57: =M57 -> parviflora | M57: parviflora
A58: Agrimonia pubescens | B58: Agrimonia pubescens | C58: Downy agrimony | D58: Rosaceae | E58: =VLOOKUP(A58,[1]USDAPLANTS!C$2:D$32889,2) -> L48(I) | F58: Rosaceae | G58: introduced | I58: rosaceae/agrimonia/Agrimonia_pubescens | J58: Agrimonia | K58: pubescens | L58: =M58 -> pubescens | M58: pubescens
A59: Agrimonia rostellata | B59: Agrimonia rostellata | C59: Woodland agrimony | D59: Rosaceae | E59: =VLOOKUP(A59,[1]USDAPLANTS!C$2:D$32889,2) -> L48(I) | F59: Rosaceae | G59: introduced | I59: rosaceae/agrimonia/Agrimonia_rostellata | J59: Agrimonia | K59: rostellata | L59: =M59 -> rostellata | M59: rostellata
A60: Agrimonia striata | B60: Agrimonia striata | C60: Roadside agrimony | D60: Rosaceae | E60: =VLOOKUP(A60,[1]USDAPLANTS!C$2:D$32889,2) -> L48(I) | F60: Rosaceae | G60: introduced | I60: rosaceae/agrimonia/Agrimonia_striata | J60: Agrimonia | K60: striata | L60: =M60 -> striata | M60: striata
A61: Agrostemma githago | B61: Agrostemma githago | C61: Corn cockle | D61: Caryophyllaceae | E61: =VLOOKUP(A61,[1]USDAPLANTS!C$2:D$32889,2) -> L48(I)AK(I)CAN(I) | F61: Caryophyllaceae | G61: introduced | I61: caryophyllaceae/agrostemma/Agrostemma_githago | J61: Agrostemma | K61: githago | L61: =M61 -> githago | M61: githago
A62: Agrostis altissima | B62: Agrostis altissima | C62: Tall bentgrass | D62: Poaceae | E62: =VLOOKUP(A62,[1]USDAPLANTS!C$2:D$32889,2) -> L48(N)AK(N)CAN(N) | F62: Poaceae | G62: native | I62: poaceae/agrostis/Agrostis_altissima | J62: Agrostis | K62: altissima | L62: =M62 -> altissima | M62: altissima
A63: Agrostis canina | B63: Agrostis canina | C63: Brown bent | D63: Poaceae | E63: =VLOOKUP(A63,[1]USDAPLANTS!C$2:D$32889,2) -> L48(N)HI(I)CAN(W)GL(I)SPM(W) | F63: Poaceae | G63: native | I63: poaceae/agrostis/Agrostis_canina | J63: Agrostis | K63: canina | L63: =M63 -> canina | M63: canina
A64: Agrostis capillaris | B64: Agrostis capillaris | C64: Rhode Island bent | D64: Poaceae | E64: =VLOOKUP(A64,[1]USDAPLANTS!C$2:D$32889,2) -> L48(I)AK(I)HI(I)CAN(I)GL(I)SPM(I) | F64: Poaceae | G64: introduced | I64: poaceae/agrostis/Agrostis_capillaris | J64: Agrostis | K64: capillaris | L64: =M64 -> capillaris | M64: capillaris
A65: Agrostis elliottiana | B65: Agrostis elliottiana | C65: Bentgrass | D65: Poaceae | E65: =VLOOKUP(A65,[1]USDAPLANTS!C$2:D$32889,2) -> L48(N) | F65: Poaceae | G65: native | I65: poaceae/agrostis/Agrostis_elliottiana | J65: Agrostis | K65: elliottiana | L65: =M65 -> elliottiana | M65: elliottiana
... A69: Agrostis scabra | B69: Agrostis scabra | C69: Fly-away grass | D69: Poaceae | E69: =VLOOKUP(A69,[1]USDAPLANTS!C$2:D$32889,2) -> L48(N)AK(N)CAN(N)GL(N)SPM(N) | F69: Poaceae | G69: native | I69: poaceae/agrostis/Agrostis_scabra | J69: Agrostis | K69: scabra | L69: =M69 -> scabra | M69: scabra
A70: Agrostis stolonifera var. palustris | B70: Agrostis stolonifera var. palustris | C70: Carpet bentgrass | D70: Poaceae | E70: =VLOOKUP(A70,[1]USDAPLANTS!C$2:D$32889,2) -> L48(I)AK(I)HI(I)CAN(I)GL(I)SPM(I) | F70: Poaceae | G70: introduced | I70: poaceae/agrostis/Agrostis_stolonifera var. palustris | J70: Agrostis | K70: stolonifera var. palustris | L70: =M70&" "&N70&" "&O70 -> stolonifera var. palustris | M70: stolonifera | N70: var. | O70: palustris
A71: Ailanthus altissima | B71: Ailanthus altissima | C71: Tree-of-heaven | D71: Simaroubaceae | E71: =VLOOKUP(A71,[1]USDAPLANTS!C$2:D$32889,2) -> L48(I)HI(I)CAN(I) | F71: Simaroubaceae | G71: introduced | I71: simaroubaceae/ailanthus/Ailanthus_altissima | J71: Ailanthus | K71: altissima | L71: =M71 -> altissima | M71: altissima
A72: Ajuga genevensis | B72: Ajuga genevensis | C72: Blue bugle | D72: Lamiaceae | E72: =VLOOKUP(A72,[1]USDAPLANTS!C$2:D$32889,2) -> L48(I)CAN(I) | F72: Lamiaceae | G72: introduced | I72: lamiaceae/ajuga/Ajuga_genevensis | J72: Ajuga | K72: genevensis | L72: =M72 -> genevensis | M72: genevensis
A73: Ajuga reptans | B73: Ajuga reptans | C73: Carpet bugleweed | D73: Lamiaceae | E73: =VLOOKUP(A73,[1]USDAPLANTS!C$2:D$32889,2) -> L48(I)CAN(I) | F73: Lamiaceae | G73: introduced | I73: lamiaceae/ajuga/Ajuga_reptans | J73: Ajuga | K73: reptans | L73: =M73 -> reptans | M73: reptans
A74: Akebia quinata | B74: Akebia quinata | C74: Akebia five-leaf | D74: Lardizabalaceae | E74: =VLOOKUP(A74,[1]USDAPLANTS!C$2:D$32889,2) -> L48(I) | F74: Lardizabalaceae | G74: introduced | I74: lardizabalaceae/akebia/Akebia_quinata | J74: Akebia | K74: quinata | L74: =M74 -> quinata | M74: quinata
A75: Albizia julibrissin | B75: Albizia julibrissin | C75: Mimosa | D75: Fabaceae | E75: =VLOOKUP(A75,[1]USDAPLANTS!C$2:D$32889,2) -> L48(I) | F75: Fabaceae | G75: introduced | I75: fabaceae/albizia/Albizia_julibrissin | J75: Albizia | K75: julibrissin | L75: =M75 -> julibrissin | M75: julibrissin
A76: Aletris farinosa | B76: Aletris farinosa | C76: Colic-root | D76: Melanthiaceae | E76: =VLOOKUP(A76,[1]USDAPLANTS!C$2:D$32889,2) -> L48(N)CAN(N) | F76: Melanthiaceae | G76: native | I76: melanthiaceae/aletris/Aletris_farinosa | J76: Aletris | K76: farinosa | L76: =M76 -> farinosa | M76: farinosa
A77: Alisma subcordatum | B77: Alisma subcordatum | C77: American water plantain | D77: Alismataceae | E77: =VLOOKUP(A77,[1]USDAPLANTS!C$2:D$32889,2) -> L48(N)CAN(N) | F77: Alismataceae | G77: native | I77: alismataceae/alisma/Alisma_subcordatum | J77: Alisma | K77: subcordatum | L77: =M77 -> subcordatum | M77: subcordatum
A78: Alisma triviale | B78: Alisma triviale | C78: Northern water plantain | D78: Alismataceae | E78: =VLOOKUP(A78,[1]USDAPLANTS!C$2:D$32889,2) -> L48(N)AK(N)CAN(N) | F78: Alismataceae | G78: native | I78: alismataceae/alisma/Alisma_triviale | J78: Alisma | K78: triviale | L78: =M78 -> triviale | M78: triviale
A79: Alliaria petiolata | B79: Alliaria petiolata | C79: Garlic-mustard | D79: Brassicaceae | E79: =VLOOKUP(A79,[1]USDAPLANTS!C$2:D$32889,2) -> L48(I)AK(I)CAN(I) | F79: Brassicaceae | G79: introduced | I79: brassicaceae/alliaria/Alliaria_petiolata | J79: Alliaria | K79: petiolata | L79: =M79 -> petiolata | M79: petiolata
A80: Allium canadense | B80: Allium canadense | C80: Wild onion | D80: Alliaceae | E80: =VLOOKUP(A80,[1]USDAPLANTS!C$2:D$32889,2) -> L48(N)CAN(N) | F80: Alliaceae | G80: native | I80: alliaceae/allium/Allium_canadense | J80: Allium | K80: canadense | L80: =M80 -> canadense | M80: canadense
A81: Allium cernuum | B81: Allium cernuum | C81: Nodding onion | D81: Alliaceae | E81: =VLOOKUP(A81,[1]USDAPLANTS!C$2:D$32889,2) -> L48(N)CAN(N) | F81: Alliaceae | G81: native | I81: alliaceae/allium/Allium_cernuum | J81: Allium | K81: cernuum | L81: =M81 -> cernuum | M81: cernuum
A82: Allium oleraceum | B82: Allium oleraceum | C82: Field garlic | D82: Alliaceae | E82: =VLOOKUP(A82,[1]USDAPLANTS!C$2:D$32889,2) -> L48(I)CAN(W) | F82: Alliaceae | G82: introduced | I82: alliaceae/allium/Allium_oleraceum | J82: Allium | K82: oleraceum | L82: =M82 -> oleraceum | M82: oleraceum
A83: Allium sativum | B83: Allium sativum | C83: Garlic | D83: Alliaceae | E83: =VLOOKUP(A83,[1]USDAPLANTS!C$2:D$32889,2) -> L48(I)CAN(I) | F83: Alliaceae | G83: introduced | I83: alliaceae/allium/Allium_sativum | J83: Allium | K83: sativum | L83: =M83 -> sativum | M83: sativum
A84: Allium schoenoprasum | B84: Allium schoenoprasum | C84: Chives | D84: Alliaceae | E84: =VLOOKUP(A84,[1]USDAPLANTS!C$2:D$32889,2) -> L48(I,N)AK(NI)CAN(NI) | F84: Alliaceae | G84: introduced | H84: ambig on USDA, decided from Plants of PA | I84: alliaceae/allium/Allium_schoenoprasum | J84: Allium | K84: schoenoprasum | L84: =M84 -> schoenoprasum | M84: schoenoprasum
A85: Allium tricoccum | B85: Allium tricoccum | C85: Ramp | D85: Alliaceae | E85: =VLOOKUP(A85,[1]USDAPLANTS!C$2:D$32889,2) -> L48(N)CAN(N) | F85: Alliaceae | G85: native | I85: alliaceae/allium/Allium_tricoccum | J85: Allium | K85: tricoccum | L85: =M85 -> tricoccum | M85: tricoccum
A86: Allium vineale | B86: Allium vineale | C86: Wild garlic | D86: Alliaceae | E86: =VLOOKUP(A86,[1]USDAPLANTS!C$2:D$32889,2) -> L48(I)AK(I)CAN(I) | F86: Alliaceae | G86: introduced | I86: alliaceae/allium/Allium_vineale | J86: Allium | K86: vineale | L86: =M86 -> vineale | M86: vineale
A87: Alnus glutinosa | B87: Alnus glutinosa | C87: Black alder | D87: Betulaceae | E87: =VLOOKUP(A87,[1]USDAPLANTS!C$2:D$32889,2) -> L48(I)CAN(I) | F87: Betulaceae | G87: introduced | I87: betulaceae/alnus/Alnus_glutinosa | J87: Alnus | K87: glutinosa | L87: =M87 -> glutinosa | M87: glutinosa
A88: Alnus incana ssp. rugosa | B88: Alnus incana ssp. rugosa | C88: Speckled alder | D88: Betulaceae | E88: =VLOOKUP(A88,[1]USDAPLANTS!C$2:D$32889,2) -> L48(N)CAN(N)SPM(N) | F88: Betulaceae | G88: native | I88: betulaceae/alnus/Alnus_incana ssp. rugosa | J88: Alnus | K88: incana ssp. rugosa | L88: =M88&" "&N88&" "&O88 -> incana ssp. rugosa | M88: incana | N88: ssp. | O88: rugosa
A89: Alnus serrulata | B89: Alnus serrulata | C89: Smooth alder | D89: Betulaceae | E89: =VLOOKUP(A89,[1]USDAPLANTS!C$2:D$32889,2) -> L48(N)CAN(N) | F89: Betulaceae | G89: native | I89: betulaceae/alnus/Alnus_serrulata | J89: Alnus | K89: serrulata | L89: =M89 -> serrulata | M89: serrulata
A90: Alnus viridis ssp. crispa | B90: Alnus viridis ssp. crispa | C90: Mountain alder | D90: Betulaceae | E90: =VLOOKUP(A90,[1]USDAPLANTS!C$2:D$32889,2) -> L48(N)CAN(N)GL(N)SPM(N) | F90: Betulaceae | G90: native | I90: betulaceae/alnus/Alnus_viridis ssp. crispa | J90: Alnus | K90: viridis ssp. crispa | L90: =M90&" "&N90&" "&O90 -> viridis ssp. crispa | M90: viridis | N90: ssp. | O90: crispa
A91: Alopecurus aequalis | B91: Alopecurus aequalis | C91: Short-awned foxtail | D91: Poaceae | E91: =VLOOKUP(A91,[1]USDAPLANTS!C$2:D$32889,2) -> L48(N)AK(N)CAN(N)GL(N) | F91: Poaceae | G91: native | I91: poaceae/alopecurus/Alopecurus_aequalis | J91: Alopecurus | K91: aequalis | L91: =M91 -> aequalis | M91: aequalis
A92: Alopecurus carolinianus | B92: Alopecurus carolinianus | C92: Carolina foxtail | D92: Poaceae | E92: =VLOOKUP(A92,[1]USDAPLANTS!C$2:D$32889,2) -> L48(N)CAN(N) | F92: Poaceae | G92: native | I92: poaceae/alopecurus/Alopecurus_carolinianus | J92: Alopecurus | K92: carolinianus | L92: =M92 -> carolinianus | M92: carolinianus
A93: Alopecurus geniculatus | B93: Alopecurus geniculatus | C93: Water foxtail | D93: Poaceae | E93: =VLOOKUP(A93,[1]USDAPLANTS!C$2:D$32889,2) -> L48(I)AK(I)CAN(I)GL(I)SPM(I) | F93: Poaceae | G93: introduced | I93: poaceae/alopecurus/Alopecurus_geniculatus | J93: Alopecurus | K93: geniculatus | L93: =M93 -> geniculatus | M93: geniculatus
A94: Alopecurus pratensis | B94: Alopecurus pratensis | C94: Meadow foxtail | D94: Poaceae | E94: =VLOOKUP(A94,[1]USDAPLANTS!C$2:D$32889,2) -> L48(I)AK(I)CAN(I)GL(I)SPM(I) | F94: Poaceae | G94: introduced | I94: poaceae/alopecurus/Alopecurus_pratensis | J94: Alopecurus | K94: pratensis | L94: =M94 -> pratensis | M94: pratensis
A95: Althaea officinalis | B95: Althaea officinalis | C95: Marsh-mallow | D95: Malvaceae | E95: =VLOOKUP(A95,[1]USDAPLANTS!C$2:D$32889,2) -> L48(I)CAN(I) | F95: Malvaceae | G95: introduced | I95: malvaceae/althaea/Althaea_officinalis | J95: Althaea | K95: officinalis | L95: =M95 -> officinalis | M95: officinalis
A96: Alyssum alyssoides | B96: Alyssum alyssoides | C96: Alyssum | D96: Brassicaceae | E96: =VLOOKUP(A96,[1]USDAPLANTS!C$2:D$32889,2) -> L48(I)CAN(I) | F96: Brassicaceae | G96: introduced | I96: brassicaceae/alyssum/Alyssum_alyssoides | J96: Alyssum | K96: alyssoides | L96: =M96 -> alyssoides | M96: alyssoides
A97: Amaranthus albus | B97: Amaranthus albus | C97: Tumbleweed | D97: Amaranthaceae | E97: =VLOOKUP(A97,[1]USDAPLANTS!C$2:D$32889,2) -> L48(I)AK(I)CAN(W)SPM(W) | F97: Amaranthaceae | G97: introduced | I97: amaranthaceae/amaranthus/Amaranthus_albus | J97: Amaranthus | K97: albus | L97: =M97 -> albus | M97: albus
A98: Amaranthus arenicola | B98: Amaranthus arenicola | C98: Sandhill amaranth | D98: Amaranthaceae | E98: =VLOOKUP(A98,[1]USDAPLANTS!C$2:D$32889,2) -> L48(N) | F98: Amaranthaceae | G98: native | I98: amaranthaceae/amaranthus/Amaranthus_arenicola | J98: Amaranthus | K98: arenicola | L98: =M98 -> arenicola | M98: arenicola
A99: Amaranthus blitoides | B99: Amaranthus blitoides | C99: Prostrate pigwed | D99: Amaranthaceae | E99: =VLOOKUP(A99,[1]USDAPLANTS!C$2:D$32889,2) -> L48(I)AK(I)CAN(I) | F99: Amaranthaceae | G99: introduced | I99: amaranthaceae/amaranthus/Amaranthus_blitoides | J99: Amaranthus | K99: blitoides | L99: =M99 -> blitoides | M99: blitoides
A100: Amaranthus blitum | B100: Amaranthus blitum | C100: Purple amaranth | D100: Amaranthaceae | E100: =VLOOKUP(A100,[1]USDAPLANTS!C$2:D$32889,2) -> L48(I)HI(I)PR(I)CAN(I) | F100: Amaranthaceae | G100: introduced | I100: amaranthaceae/amaranthus/Amaranthus_blitum | J100: Amaranthus | K100: blitum | L100: =M100 -> blitum | M100: blitum
A101: Amaranthus cannabinus | B101: Amaranthus cannabinus | C101: Salt-marsh water-hemp | D101: Amaranthaceae | E101: =VLOOKUP(A101,[1]USDAPLANTS!C$2:D$32889,2) -> L48(N) | F101: Amaranthaceae | G101: native | I101: amaranthaceae/amaranthus/Amaranthus_cannabinus | J101: Amaranthus | K101: cannabinus | L101: =M101 -> cannabinus | M101: cannabinus
A102: Amaranthus caudatus | B102: Amaranthus caudatus | C102: Love-lies-bleeding | D102: Amaranthaceae | E102: =VLOOKUP(A102,[1]USDAPLANTS!C$2:D$32889,2) -> L48(I)PR(I) | F102: Amaranthaceae | G102: introduced | I102: amaranthaceae/amaranthus/Amaranthus_caudatus | J102: Amaranthus | K102: caudatus | L102: =M102 -> caudatus | M102: caudatus
... A112: Amaranthus tuberculatus | B112: Amaranthus tuberculatus | C112: Water-hemp | D112: Amaranthaceae | E112: =VLOOKUP(A112,[1]USDAPLANTS!C$2:D$32889,2) -> L48(N)CAN(N) | F112: Amaranthaceae | G112: native | I112: amaranthaceae/amaranthus/Amaranthus_tuberculatus | J112: Amaranthus | K112: tuberculatus | L112: =M112 -> tuberculatus | M112: tuberculatus
A113: Ambrosia artemisiifolia | B113: Ambrosia artemisiifolia | C113: Common ragweed | D113: Asteraceae | E113: =VLOOKUP(A113,[1]USDAPLANTS!C$2:D$32889,2) -> L48(I,N)HI(I)CAN(N) | F113: Asteraceae | G113: native | H113: ambig on USDA, decided from Plants of PA | I113: asteraceae/ambrosia/Ambrosia_artemisiifolia | J113: Ambrosia | K113: artemisiifolia | L113: =M113 -> artemisiifolia | M113: artemisiifolia
A114: Ambrosia psilostachya | B114: Ambrosia psilostachya | C114: Western ragweed | D114: Asteraceae | E114: =VLOOKUP(A114,[1]USDAPLANTS!C$2:D$32889,2) -> L48(N)CAN(N) | F114: Asteraceae | G114: native | I114: asteraceae/ambrosia/Ambrosia_psilostachya | J114: Ambrosia | K114: psilostachya | L114: =M114 -> psilostachya | M114: psilostachya
A115: Ambrosia trifida | B115: Ambrosia trifida | C115: Giant ragweed | D115: Asteraceae | E115: =VLOOKUP(A115,[1]USDAPLANTS!C$2:D$32889,2) -> L48(N)CAN(N) | F115: Asteraceae | G115: native | I115: asteraceae/ambrosia/Ambrosia_trifida | J115: Ambrosia | K115: trifida | L115: =M115 -> trifida | M115: trifida
A116: Amelanchier arborea | B116: Amelanchier arborea | C116: Common serviceberry | D116: Rosaceae | E116: =VLOOKUP(A116,[1]USDAPLANTS!C$2:D$32889,2) -> L48(N)CAN(N) | F116: Rosaceae | G116: native | I116: rosaceae/amelanchier/Amelanchier_arborea | J116: Amelanchier | K116: arborea | L116: =M116 -> arborea | M116: arborea
A117: Amelanchier bartramiana | B117: Amelanchier bartramiana | C117: Mountain juneberry | D117: Rosaceae | E117: =VLOOKUP(A117,[1]USDAPLANTS!C$2:D$32889,2) -> L48(N)CAN(N)SPM(N) | F117: Rosaceae | G117: native | I117: rosaceae/amelanchier/Amelanchier_bartramiana | J117: Amelanchier | K117: bartramiana | L117: =M117 -> bartramiana | M117: bartramiana
A118: Amelanchier canadensis | B118: Amelanchier canadensis | C118: Canadian serviceberry | D118: Rosaceae | E118: =VLOOKUP(A118,[1]USDAPLANTS!C$2:D$32889,2) -> L48(N)CAN(N) | F118: Rosaceae | G118: native | I118: rosaceae/amelanchier/Amelanchier_canadensis | J118: Amelanchier | K118: canadensis | L118: =M118 -> canadensis | M118: canadensis
A119: Amelanchier humilis | B119: Amelanchier humilis | C119: Low serviceberry | D119: Rosaceae | E119: =VLOOKUP(A119,[1]USDAPLANTS!C$2:D$32889,2) -> L48(N)CAN(N) | F119: Rosaceae | G119: native | I119: rosaceae/amelanchier/Amelanchier_humilis | J119: Amelanchier | K119: humilis | L119: =M119 -> humilis | M119: humilis
A120: Amelanchier laevis | B120: Amelanchier laevis | C120: Smooth serviceberry | D120: Rosaceae | E120: =VLOOKUP(A120,[1]USDAPLANTS!C$2:D$32889,2) -> L48(N)CAN(N)SPM(N) | F120: Rosaceae | G120: native | I120: rosaceae/amelanchier/Amelanchier_laevis | J120: Amelanchier | K120: laevis | L120: =M120 -> laevis | M120: laevis
A121: Amelanchier obovalis | B121: Amelanchier obovalis | C121: Coastal juneberry | D121: Rosaceae | E121: =VLOOKUP(A121,[1]USDAPLANTS!C$2:D$32889,2) -> L48(N) | F121: Rosaceae | G121: native | I121: rosaceae/amelanchier/Amelanchier_obovalis | J121: Amelanchier | K121: obovalis | L121: =M121 -> obovalis | M121: obovalis
A122: Amelanchier sanguinea | B122: Amelanchier sanguinea | C122: Roundleaf serviceberry | D122: Rosaceae | E122: =VLOOKUP(A122,[1]USDAPLANTS!C$2:D$32889,2) -> L48(N)CAN(N) | F122: Rosaceae | G122: native | I122: rosaceae/amelanchier/Amelanchier_sanguinea | J122: Amelanchier | K122: sanguinea | L122: =M122 -> sanguinea | M122: sanguinea
A123: Amelanchier stolonifera | B123: Amelanchier stolonifera | C123: Running serviceberry | D123: Rosaceae | E123: =VLOOKUP(A123,[1]USDAPLANTS!C$2:D$32889,2) -> L48(N)CAN(N) | F123: Rosaceae | G123: native | I123: rosaceae/amelanchier/Amelanchier_stolonifera | J123: Amelanchier | K123: stolonifera | L123: =M123 -> stolonifera | M123: stolonifera
A124: Amelanchier x intermedia | B124: Amelanchier x intermedia | C124: Shadbush | D124: Rosaceae | E124: =VLOOKUP(A124,[1]USDAPLANTS!C$2:D$32889,2) -> L48(N) | F124: Rosaceae | G124: native | I124: rosaceae/amelanchier/Amelanchier_x intermedia | J124: Amelanchier | K124: x intermedia | L124: =M124&" "&N124 -> x intermedia | M124: x | N124: intermedia
A125: Amianthium muscaetoxicum | B125: Amianthium muscitoxicum | C125: Fly-poison | D125: Melanthiaceae | E125: =VLOOKUP(A125,[1]USDAPLANTS!C$2:D$32889,2) -> L48(N) | F125: Melanthiaceae | G125: native | I125: melanthiaceae/amianthium/Amianthium_muscitoxicum | J125: Amianthium | K125: muscitoxicum | L125: =M125 -> muscitoxicum | M125: muscitoxicum
A126: Ammannia coccinea | B126: Ammannia coccinea | C126: Valley redstem | D126: Lythraceae | E126: =VLOOKUP(A126,[1]USDAPLANTS!C$2:D$32889,2) -> L48(N)HI(I)PR(N)VI(N) | F126: Lythraceae | G126: native | I126: lythraceae/ammannia/Ammannia_coccinea | J126: Ammannia | K126: coccinea | L126: =M126 -> coccinea | M126: coccinea
A127: Ammophila breviligulata | B127: Ammophila breviligulata | C127: American beachgrass | D127: Poaceae | E127: =VLOOKUP(A127,[1]USDAPLANTS!C$2:D$32889,2) -> L48(N)CAN(N)SPM(N) | F127: Poaceae | G127: native | I127: poaceae/ammophila/Ammophila_breviligulata | J127: Ammophila | K127: breviligulata | L127: =M127 -> breviligulata | M127: breviligulata
A128: Amorpha fruticosa | B128: Amorpha fruticosa | C128: False-indigo | D128: Fabaceae | E128: =VLOOKUP(A128,[1]USDAPLANTS!C$2:D$32889,2) -> L48(N)CAN(N) | F128: Fabaceae | G128: native | I128: fabaceae/amorpha/Amorpha_fruticosa | J128: Amorpha | K128: fruticosa | L128: =M128 -> fruticosa | M128: fruticosa
A129: Ampelopsis brevipedunculata | B129: Ampelopsis brevipedunculata | C129: Porcelain-berry | D129: Vitaceae | E129: =VLOOKUP(A129,[1]USDAPLANTS!C$2:D$32889,2) -> L48(I) | F129: Vitaceae | G129: introduced | I129: vitaceae/ampelopsis/Ampelopsis_brevipedunculata | J129: Ampelopsis | K129: brevipedunculata | L129: =M129 -> brevipedunculata | M129: brevipedunculata
A130: Amphicarpaea bracteata | B130: Amphicarpaea bracteata | C130: Hog peanut | D130: Fabaceae | E130: =VLOOKUP(A130,[1]USDAPLANTS!C$2:D$32889,2) -> L48(N)CAN(N) | F130: Fabaceae | G130: native | I130: fabaceae/amphicarpaea/Amphicarpaea_bracteata | J130: Amphicarpaea | K130: bracteata | L130: =M130 -> bracteata | M130: bracteata
A131: Amsonia tabernaemontana | B131: Amsonia tabernaemontana | C131: Blue-star | D131: Apocynaceae | E131: =VLOOKUP(A131,[1]USDAPLANTS!C$2:D$32889,2) -> L48(N) | F131: Apocynaceae | G131: native | I131: apocynaceae/amsonia/Amsonia_tabernaemontana | J131: Amsonia | K131: tabernaemontana | L131: =M131 -> tabernaemontana | M131: tabernaemontana
A132: Anagallis arvensis | B132: Anagallis arvensis | C132: Scarlet pimpernel | D132: Myrsinaceae | E132: =VLOOKUP(A132,[1]USDAPLANTS!C$2:D$32889,2) -> L48(I)HI(I)PR(I)CAN(NI)GL(I) | F132: Myrsinaceae | G132: introduced | I132: myrsinaceae/anagallis/Anagallis_arvensis | J132: Anagallis | K132: arvensis | L132: =M132 -> arvensis | M132: arvensis
A133: Anaphalis margaritacea | B133: Anaphalis margaritacea | C133: Pearly everlasting | D133: Asteraceae | E133: =VLOOKUP(A133,[1]USDAPLANTS!C$2:D$32889,2) -> L48(N)AK(N)CAN(N)SPM(N) | F133: Asteraceae | G133: native | I133: asteraceae/anaphalis/Anaphalis_margaritacea | J133: Anaphalis | K133: margaritacea | L133: =M133 -> margaritacea | M133: margaritacea
A134: Anchusa azurea | B134: Anchusa azurea | C134: Showy bugloss | D134: Boraginaceae | E134: =VLOOKUP(A134,[1]USDAPLANTS!C$2:D$32889,2) -> L48(I)CAN(I) | F134: Boraginaceae | G134: introduced | I134: boraginaceae/anchusa/Anchusa_azurea | J134: Anchusa | K134: azurea | L134: =M134 -> azurea | M134: azurea
A135: Andromeda polifolia var. glaucophylla | B135: Andromeda polifolia var. glaucophylla | C135: Bog-rosemary | D135: Ericaceae | E135: =VLOOKUP(A135,[1]USDAPLANTS!C$2:D$32889,2) -> L48(N)CAN(N)GL(N)SPM(N) | F135: Ericaceae | G135: native | I135: ericaceae/andromeda/Andromeda_polifolia var. glaucophylla | J135: Andromeda | K135: polifolia var. glaucophylla | L135: =M135&" "&N135&" "&O135 -> polifolia var. glaucophylla | M135: polifolia | N135: var. | O135: glaucophylla
A136: Andropogon gerardii | B136: Andropogon gerardii | C136: Big bluestem | D136: Poaceae | E136: =VLOOKUP(A136,[1]USDAPLANTS!C$2:D$32889,2) -> L48(N)CAN(N) | F136: Poaceae | G136: native | I136: poaceae/andropogon/Andropogon_gerardii | J136: Andropogon | K136: gerardii | L136: =M136 -> gerardii | M136: gerardii
...
